ZINC ID,SMILES,lambda_4p (eV),lambda_force (eV)
ZINC000000130147,O=C(Nc1ccccc1C(=O)Nc1ccccc1)c1ccccc1,1.1966875,0.3537909
ZINC000000224500,CC(=O)Oc1ccc2ccccc2c1/C=N/c1cc([N+](=O)[O-])ccc1C,0.3882878,0.2952737
ZINC000000406214,O=c1[nH]c2ccccc2c(=O)c2ccccc21,0.4289375,0.3202173
ZINC000000561784,Cc1nn2c3ccccc3nc2c2ccccc12,0.4583912,0.3959284
ZINC000001176413,O=C1NC(=O)C(=Cc2cn(-c3ccccc3)nc2-c2cc3ccccc3o2)C(=O)N1,0.2652706,0.2635405
ZINC000001417958,COC(=O)c1nnn2c1c(C(=O)OC)cc1c(-c3ccccc3)nn(C)c12,0.4284174,0.3639579
ZINC000001422566,CCOC(=O)c1c[nH]c2c(OC)cc3c(c(C)c(C)n3C)c2c1=O,0.366081,0.2578336
ZINC000001588003,COC(=O)c1nc(N)nc(C(=O)OC)c1C(=O)c1ccco1,0.8851078,2.6483007
ZINC000001700510,Nc1ccc(-c2ccc(N)c(Oc3ccccc3)c2)cc1Oc1ccccc1,0.8227346,0.4764275
ZINC000002654477,Cc1onc(-c2ccccc2)c1C(=O)Nc1ccc2c(C)cc(=O)oc2c1,1.0304967,0.2182367
ZINC000002963036,Cc1c(C)[n+]([O-])c(-c2ccco2)c(C)[n+]1[O-],0.3704759,0.1965866
ZINC000003852405,Cc1nn(-c2ccc([N+](=O)[O-])cc2)c2ncc([N+](=O)[O-])cc12,0.4114383,0.3510052
ZINC000003897899,O=[N+]([O-])c1cccc(/C=N/Nc2nnc3c4ccccc4[nH]c3n2)c1,0.3785768,0.3363927
ZINC000004323267,CN(C)/C=N/C1=C(c2ccccc2)C(=O)c2ccccc21,0.5075889,0.5239852
ZINC000004705063,COc1cc(/C=N/N=C/c2cccc([N+](=O)[O-])c2)c([N+](=O)[O-])cc1OC,1.191683,1.1234753
ZINC000005014790,CC(=O)Oc1cccc2c(C(=O)C=[N+]=[N-])cc(-c3ccccc3)nc12,1.1049515,0.2424634
ZINC000005378530,CC(=O)Nc1ccc2cc(-c3nc4ccccc4o3)cnc2c1,0.1920995,0.1879105
ZINC000005672305,CCN1C(=O)c2ccc(-c3ccc(/C=N/n4nnnc4N)o3)cc2C1=O,0.8044099,0.1946464
ZINC000005836845,[N-]=[N+]=CC(=O)c1ccccc1C#CCCc1ccccc1,1.1511679,0.2331976
ZINC000006188565,Cc1cc(-c2ccccc2)c(C#N)c(=O)n1C(=O)c1ccco1,0.6880135,0.4358109
ZINC000006674429,CC1=NN(c2ccc(C(=O)O)cc2)C(=O)/C1=C/c1c(C)n(C)c(=O)n(C)c1=O,0.7177579,0.6491632
ZINC000008636732,Nc1c(C(=O)c2ccc(-c3ccccc3)cc2)oc2nc(-c3ccccc3)cc(-c3cn(-c4ccccc4)nc3-c3ccccc3)c12,0.3022414,0.2521297
ZINC000012768488,CCN(C(=O)c1ccc(NC(=O)Nc2ccccc2)cc1)c1c(N)n(Cc2ccccc2)c(=O)[nH]c1=O,1.442277,0.3690417
ZINC000013115532,O=C1c2cccn2C/C1=C\c1ccncc1,0.3849467,0.3256677
ZINC000015176387,O=C(/C=C/c1cn(-c2ccccc2)nc1-c1cccnc1)Nc1cccc(N2CCCC2=O)c1,1.3015603,0.5238356
ZINC000016265641,Cc1nc2ccccc2nc1-c1nc2ccccc2n1C(=O)c1ccccc1,0.5039967,0.3045366
ZINC000019936999,Cc1ncc(C(=O)Nc2cccc([N+](=O)[O-])c2)c(C)n1,0.3733409,0.3515522
ZINC000025014393,Cc1cc(C)n(-c2ccccc2NC(=O)c2nc3nccc(C)n3n2)n1,0.5709357,0.5958035
ZINC000026996375,CNC(=O)c1ccc(OC(=O)c2cc(C)n(C3CC3)c2C)cc1,0.7186631,0.5138131
ZINC000032565505,COc1cccc2ccc(-c3cncnc3)nc21,0.2656241,0.3118071
ZINC000032587031,Cn1ccnc1C(=O)c1cccc(-c2cc[nH]n2)c1,0.3428941,0.2882529
ZINC000036621647,Cc1nn(C)cc1/C=C1\C(=O)NC(=O)N=C1O,0.6533348,0.4427669
ZINC000039268778,Cn1nnc2c1[nH]c(=O)[nH]c2=O,0.5927015,0.4679159
ZINC000052589066,Cc1cc2cc(NC(=O)c3cc(-c4cccnc4)on3)ccc2[nH]1,0.5576738,0.515074
ZINC000055910133,CN(C)C(=O)OC1=C(c2cccc3ccccc32)Oc2ccccc2-n2cccc21,0.5278472,0.4242932
ZINC000058357519,O=C(Nc1ccc[nH]c1=O)c1cc(-c2ccco2)on1,0.5755281,0.531132
ZINC000058492042,Cc1cc(C(=O)Nc2ccc(OCCN(C)C)cc2)c(C)n1-c1cccnc1,0.6889587,0.5564742
ZINC000059370267,Cc1ccc(N/C=N/c2nc(=O)cc(-c3ccccc3)o2)cc1,0.6116455,0.3727442
ZINC000064623470,Cn1c2ccc(NC(=O)Nc3cccc4ccccc43)cc2n(C)c1=O,0.6387887,0.8462586
ZINC000064896559,CC(=O)Nc1ccc(NC(=O)c2ccc(-n3nnc4cccnc43)c(C)c2)cc1,0.6622856,0.6204796
ZINC000065417677,C[C@H](O)Cn1cnc(-c2ccccc2)c1-c1ccccc1-c1ccco1,0.4703963,0.6802995
ZINC000065453935,CCCc1nccn1-c1cnc2ccccc2c1,0.531349,0.5660948
ZINC000065551898,COc1nc(C(=O)Nc2ccc3oc(C(C)(C)C)nc3c2)cc2ccccc21,0.4999254,0.5030833
ZINC000067817731,Cc1ccnc(-n2nc(C(=O)O)c3ccccc32)c1,0.2647725,0.2051948
ZINC000068744137,O=C1CC(=C2c3ccccc3-c3ccccc32)C(=O)N1CCCN1CCN(c2ccc([N+](=O)[O-])cc2)CC1,0.386445,0.3796543
ZINC000071795891,Cc1c(NC(=O)c2cccc(-n3cnnn3)c2)[nH]nc1C1CC1,0.867161,0.8265812
ZINC000071814839,Cc1ccc(O)c(C(=O)c2cnn(-c3ncnc4c3cnn4-c3ccccc3)c2)c1,0.6951002,0.2547351
ZINC000072416613,CC1=CC(C)(C)n2c(=O)oc(=O)c3cccc1c32,0.2619039,0.2428933
ZINC000075424722,CCn1c2ccc(-c3noc(-c4ccccn4)n3)cc2[nH]c1=O,0.3906332,0.3791279
ZINC000079099155,CCOC(=O)c1cc(Nc2c(C#N)nnc3ccccc32)c[nH]1,0.7267639,0.4126412
ZINC000089568404,Cc1cc(=O)[nH]cc1C(=O)Nc1cccc(-c2nc3ccccc3[nH]2)c1,0.8058358,0.550578
ZINC000090583036,Cc1cc(C(=O)Nc2nc(C(=O)Nc3cccnc3)co2)no1,0.8556719,0.7835633
ZINC000095883336,O=[N+]([O-])c1ccn([N+](=O)[O-])n1,0.9967882,0.8652772
ZINC000096180050,Cc1nn(C)c(C)c1C(=O)/C=C\c1cnc(N2CCCC2)nc1,0.9672207,0.3919349
ZINC000096602145,c1ccc(Nc2ccc(Nc3ccc(Nc4ccc(Nc5ccccc5)cc4)cc3)cc2)cc1,0.7442913,0.1325447
ZINC000097259128,Cn1cc(C(=O)/C=C\c2ccc([N+](=O)[O-])cc2)cn1,0.9974892,0.2867489
ZINC000100037329,O=C(Nc1ccc([N+](=O)[O-])cc1)c1cc([N+](=O)[O-])cc([N+](=O)[O-])c1,0.6253492,0.5461655
ZINC000100080677,CCOC(=O)[C@]1(C)C=C(Nc2cccc([N+](=O)[O-])c2)C(=O)N1c1cccc([N+](=O)[O-])c1,0.5626172,0.3482108
ZINC000100968834,O=c1c2ccccc2[nH]c2nc3ccccc3n21,0.5547965,0.4517715
ZINC000102626358,O=c1c(C2=NCCCCC2)c2[nH]c(-c3ccccc3)cn2n1-c1ccccc1,0.443699,0.3027525
ZINC000105754364,CCOC(=O)c1ccc(N/C=C2/C(=O)C=C(C)OC2=O)cc1,0.3654871,0.2998879
ZINC000136490141,CC1(C)CC(=O)C(=CNc2ncnc(O)c2NC=O)C(=O)C1,0.4245555,0.2973205
ZINC000186827351,COc1cc2cc(C(=O)c3c(C)noc3C)oc2cc1OC,0.8717964,0.3582646
ZINC000188625257,Cn1nc(C2CCCCC2)cc1NC(=O)c1cc2c(cn1)nc[nH]c2=O,0.6381027,0.6072751
ZINC000194642864,COc1ncnc(N(C)C)c1NC(=O)c1coc(C2CCC2)n1,1.6425942,0.6429141
ZINC000199475268,O=C(O)[C@@H]1CC(=O)N(c2cccc(-n3cncn3)c2)C1,0.2447087,0.2433723
ZINC000225917902,Cc1cc(C)nc(Nc2ccccc2C(=O)Nc2ccc(Oc3ccccc3)cc2)n1,1.0131676,0.3700125
ZINC000252490078,Cc1cc(C)c(C(=O)Nc2ccc3c(c2)OCC(O)=N3)c(O)n1,1.3025189,0.6098625
ZINC000253531486,C/C(C=NNc1nc(O)c2ccccc2n1)=C\c1ccccc1,0.6795218,0.423955
ZINC000253532401,C=CCn1c(NN=Cc2cccc([N+](=O)[O-])c2)nc2c1c(=O)nc(O)n2C,0.5441403,0.6081991
ZINC000254482029,N#Cc1ccc(N2Cc3ccccc3C2=NC(=O)c2cc3ccccc3oc2=O)cc1,0.853578,0.7802099
ZINC000254809119,CC(=NO)c1cccc(-n2cccc2)c1,0.5765962,0.7130837
ZINC000257247566,c1nc2ncccn2c1-c1cccc(C2CCNCC2)n1,0.4049944,0.3667716
ZINC000330032271,Cn1cncc1CCC(O)=Nc1n[nH]c(-c2cccc3ccccc32)n1,0.3158665,0.4358591
ZINC000334157089,COc1ccc2c(c1)/C(=C/C=C1\Oc3ccccc3N1C)C=N2,0.5429989,0.5226036
ZINC000685944394,CN1C(=O)C(=C/C=C/C=C/C=C2N(c3ccccc3)c3ccccc3N2c2ccccc2)C(=O)N(C)C1=O,0.067423,0.0574728
ZINC000828778378,Cn1nnc(-c2ccc(-c3ncnn3CCO)cc2)n1,0.3288861,0.4541407
ZINC000000051874,Cc1cc(=O)oc2cc3oc(=O)cc(C)c3cc12,0.1323935,0.1438422
ZINC000000158025,O=C1c2ccccc2-c2cccc(O)c21,0.2608336,0.2330438
ZINC000000158295,O=c1c2ccccc2c1=O,0.1214819,0.1065139
ZINC000000162899,O=c1cc(-c2cc3ccccc3o2)oc2ccccc12,0.3913803,0.3083562
ZINC000000194642,Cc1cc(=O)oc2oc3c(ccc(O)c3O)c21,0.3287048,0.3166688
ZINC000000334596,O=C1O/C(=C/Oc2ccccc2)c2ccccc21,0.5057603,0.3548544
ZINC000000388294,O=c1oc(=O)c2ccccc2c2ccccc21,0.9420755,0.1989479
ZINC000000397790,O=c1ccc(=O)c2c(=O)c3ccccc3c(=O)c1=2,0.4916533,0.3978467
ZINC000000399636,C=C=Cc1cccc(-c2ccccc2O)c1O,0.3775898,0.4190667
ZINC000000402490,CC(C)=CC1=C(O)C(=O)c2ccccc2C1=O,0.4129417,0.2165855
ZINC000000407922,COC(=O)c1c(C)oc2ccc(OC(C)=O)cc21,0.5364643,0.423656
ZINC000000463005,O=Cc1ccccc1OC(=O)/C=C/c1ccco1,0.3677488,0.2981599
ZINC000000507678,C/C=C1\OC(=O)c2ccccc21,0.6968893,0.335153
ZINC000001041127,c1c2ccccc2c2cc3ccccc3oc1-2,0.5417086,0.4729718
ZINC000001044394,O=C1c2ccccc2-c2ccc3ccccc3c21,0.3552379,0.3273025
ZINC000001559259,C1=Cc2c(c3c(c4c2CC=C4)CC=C3)C1,0.1455858,0.1483186
ZINC000001565320,CC(=O)Oc1ccccc1C#CC(=O)O,0.6221379,0.5855461
ZINC000001567097,C/C=C/C#C/C=C1\C=CC(=O)O1,0.1886126,0.189636
ZINC000001592595,C=Cc1c2ccccc2cc2ccccc12,0.2281921,0.2644266
ZINC000001593377,O=C(Oc1ccccc1)C(=O)Oc1ccccc1,1.7138654,0.3033648
ZINC000001615948,O=C1C=CC(=O)c2ccc(=O)ccc21,0.306408,0.2098829
ZINC000001617353,O=C(O)c1cc2cc3ccc4oc(C(=O)O)cc4c3cc2o1,0.2455276,0.2324772
ZINC000001627067,c1cc2ccc3ccc4cccc5oc(c1)c2c3c45,0.1132443,0.1155173
ZINC000001630474,O=c1ccc2ccccc2c2ccccc21,0.4108542,0.3413743
ZINC000001661219,CC(=O)Oc1ccc(OC(C)=O)c2ccccc12,0.3194368,0.3942183
ZINC000001666793,Cc1oc(C)c2c1C(=O)c1ccccc1C2=O,0.1482948,0.1259963
ZINC000001667254,O=CC(=O)c1ccc2ccccc2c1,0.1016468,0.0836257
ZINC000001668156,CC#CC#C/C=C1/C=CC(=O)O1,0.2627071,0.2818128
ZINC000001672090,CC(=O)Oc1ccccc1C=O,0.3764607,0.3093014
ZINC000001674857,Cc1cc2cc3oc(C)cc3cc2o1,0.2122042,0.212787
ZINC000001680760,O=C1c2ccccc2-c2ccc3ccccc3c2C1=O,0.1221165,0.0962264
ZINC000001691475,C=Cc1cccc(C=C)c1,0.1867099,0.1799418
ZINC000001715920,O=c1cc2cccccc-2cc1O,0.4570744,0.443804
ZINC000001718650,O=C(C(=O)c1ccccc1)C(=O)c1ccccc1,0.9164436,0.5093391
ZINC000001734353,O=C1C=CC(=O)c2c3ccccc3ccc21,0.3671944,0.3234174
ZINC000001857507,c1oc2cccc3ccccc1c23,0.4568129,0.4549963
ZINC000001972162,CC(=O)Oc1c(=O)c2ccccc2oc1-c1ccco1,0.4269093,0.3214451
ZINC000002077530,C=Cc1ccccc1-c1ccccc1C=C,0.6994214,0.5488404
ZINC000002292423,COc1ccc2c3c(cccc13)OC(=O)C2=O,0.2313452,0.13247
ZINC000002389376,C#Cc1ccc2ccc3cccc4ccc1c2c34,0.1345261,0.1430378
ZINC000002508233,c1ccc2c(c1)=C1C=CCC3=C1C=2CCC3,0.4356342,0.3802971
ZINC000002556258,O=c1c(O)c(O)c(=O)c1=O,0.4383096,0.114715
ZINC000002558835,O=C1c2ccccc2-c2c3ccccc3ccc2C1=O,0.0972828,0.0754933
ZINC000002579246,C#Cc1cccc(C#C)c1,0.1398208,0.1390254
ZINC000003124676,CC(=O)c1coc2c1C(=O)C(=O)c1ccccc1-2,0.3903372,0.1478837
ZINC000003124732,O=C1C=C(c2ccccc2)OC1=O,0.1609591,0.1353389
ZINC000003861035,O=c1c(O)c(O)c(=O)c(=O)c1=O,0.3048556,0.0603383
ZINC000004546062,O=C(O)/C=C/C=C/c1ccco1,0.6418506,0.1633599
ZINC000004712214,CC1=C/C(=C\c2ccco2)C(=O)O1,0.4286575,0.3114042
ZINC000004827176,O=c1oc2ccccc2c2oc3cc(O)c(O)cc3c21,0.2194826,0.2103798
ZINC000004901041,C/C=C\C=C/C=C\C=C/C(=O)O,0.1442632,0.1708245
ZINC000005495201,C=C(C)c1cc2cc(/C=C/C(=O)O)c(O)cc2o1,1.0536881,0.2957514
ZINC000005784243,O=c1oc2c(O)c(O)c(O)c3c(=O)oc4c(O)c(O)cc1c4c23,0.1762516,0.155128
ZINC000005922171,Cc1cc(=O)oc2c3ccc(O)c(O)c3oc21,0.1803863,0.1990356
ZINC000005934736,O=C1c2ccoc2C(=O)c2ccccc21,0.2648738,0.1514706
ZINC000006072104,Cc1coc2ccc3ccc(=O)oc3c12,0.4680413,0.3915856
ZINC000013132551*,O=c1cccc2cc(O)c(O)c(O)c2c1O,0.1682798,0.1723591
ZINC000013152238,O=c1oc2c(cc1O)oc(=O)c1cc(O)c(O)c(O)c12,0.1839812,0.2009602
ZINC000017105765,CCOC(=O)C1=C(C)O/C(=C\c2ccco2)C1=O,0.3782469,0.3115944
ZINC000017109084,O=C(O)c1cc(C(=O)/C=C/c2ccco2)ccc1O,0.3821463,0.3199704
ZINC000019093709,O=Cc1ccc(-c2cccc3ccccc32)o1,0.2276053,0.3213521
ZINC000025941723,O=C1C=Cc2ccccc21,0.2497785,0.2321084
ZINC000033847575,O=Cc1ccc(/C=C/c2ccc(C=O)cc2)cc1,0.3975934,0.2912913
ZINC000034925676,O=Cc1ccc(C#Cc2ccc(C=O)cc2)cc1,0.3874308,0.1704494
ZINC000035643890,C=Cc1cc(OC(C)=O)cc(OC(C)=O)c1,0.2241731,0.3117014
ZINC000036619578,O=c1oc2c(=O)c3ccccc3oc2c2ccccc12,0.3845099,0.3092157
ZINC000043210682,CC(=O)Oc1ccccc1C(=O)c1ccco1,0.5229929,0.34707
ZINC000055169551,C1=CC2=CC=CC=C(C=C1)C2,0.2060932,0.1864549
ZINC000059447737,C#Cc1cc(C#C)cc(C#C)c1,0.1185463,0.1207251
ZINC000065740533,Cc1c(=O)oc2coc(C)cc1-2,0.6601142,0.2841689
ZINC000070632473,C=C(C)c1cccc2ccccc21,0.4777845,0.3434613
ZINC000071774261,Cc1cc(=O)c2c(O)c(O)c3occc3c2o1,1.2152754,0.4981212
ZINC000071785568,c1ccc2c(c1)C=CC=CC=C2,1.4579666,2.6124131
ZINC000072228407,Cc1cc(=O)oc2cc(Oc3ccc(C=O)o3)ccc12,0.4100955,0.3422056
ZINC000072228411,O=C(O)/C=C/c1ccc(Oc2ccccc2)o1,1.0846469,0.3678158
ZINC000085650751,CCOC(=O)C(=O)c1ccccc1OC(C)=O,0.4521945,0.6272489
ZINC000088466210,C#CC1=CC=CC1,0.6431011,0.401188
ZINC000100008475,O=C1CC=C(c2cccc3ccccc32)O1,0.2742355,0.2991561
ZINC000100164527,CCCC/C=C1\c2ccccc2C(=O)C1=O,0.0361345,0.0332302
ZINC000100487622,O=C1C=C[C@H]2C(=O)c3ccccc3C(=O)C2=C1,0.2725218,0.1993905
ZINC000104033192,C(=C1/C=Cc2ccccc21)\c1ccccc1,0.6587925,0.6481003
ZINC000111333236,C#C/C=C/C#C,0.3505563,0.349199
ZINC000147502007,C=Cc1ccc(-c2ccc(C=O)cc2)cc1,0.3916183,0.2952041
ZINC000196631812,O=C1Cc2ccc3ccccc3c2O1,0.2831161,0.2805979
ZINC000307447704,C#Cc1ccoc1C,1.8712846,0.3592877
ZINC000000088373,CC(=O)Oc1cccc2c1C(=O)C=CC2=O,0.3393759,0.1401539
ZINC000000114125,c1cc(-c2nc(-c3ccccn3)no2)on1,0.6314304,0.6001365
ZINC000000150890,C/C(=N\O)c1cc2cc([N+](=O)[O-])ccc2o1,0.4041398,0.3996344
ZINC000000161996,Cn1cc2cc([N+](=O)[O-])ccc2n1,0.3359545,0.2667414
ZINC000000194243,O=C(Nc1ccccc1)O/N=C/c1ccncc1,0.942537,0.9465036
ZINC000000339357,O=c1[nH]cc(-c2ccc([N+](=O)[O-])cc2)o1,0.1405615,0.143289
ZINC000000418343,O=C(Nc1cccc(-n2cnnn2)c1)c1cnccn1,0.4100161,0.1787093
ZINC000000550450,COc1cc(C)nc(Oc2ccc(=O)n(C)n2)n1,0.676124,0.4355007
ZINC000001194591,n1[nH]nc2c1Nc1nonc1N2,0.9755513,0.4095002
ZINC000001437367,O=[N+]([O-])c1ccc(-c2cccnc2)cc1,0.9867697,0.8577977
ZINC000001574576,O=[N+]([O-])c1cc2cc([N+](=O)[O-])ccc2o1,1.0243255,0.9014372
ZINC000001647476,O=C(O)/C=N/N=c1[nH]c2ccccc2[nH]1,0.9625905,0.2322709
ZINC000001716120,N#Cc1nc(-c2ccco2)c(-c2ccco2)nc1C#N,0.211671,0.1722994
ZINC000001717159,Cn1c2nc3ccccc3nc2n(C)c(=O)c1=O,0.1442862,0.1333146
ZINC000002006166,C=Cc1ccccc1C=O,0.3643579,0.2859604
ZINC000002149794,C#Cc1ccc(C#C)cc1,0.2155252,0.2263116
ZINC000002237234,Cc1cc(N/N=C/C(=O)O)c2ccccc2n1,1.3194292,0.4250706
ZINC000002799976,CCn1cc(-c2nnc(-c3ccccn3)o2)cn1,0.2439982,0.2797294
ZINC000003152599,N#CC(C#N)=c1c2n[nH]nc2c(=C(C#N)C#N)c2n[nH]nc21,0.1352082,0.1452203
ZINC000003171846,O=c1[nH]cc(-n2cccc2)c(=O)[nH]1,0.821718,0.7316184
ZINC000003625997,CCOC(=O)C(=O)N1CC=Cc2ccccc21,1.9695974,1.3753663
ZINC000003845116,O=C(O)/C=C/c1cc(/C=C/C(=O)O)c([N+](=O)[O-])cc1[N+](=O)[O-],0.5007857,0.4270467
ZINC000003946789,Cc1nnc(=O)[nH]c1N/N=C/c1cccc([N+](=O)[O-])c1,0.6828934,0.3030767
ZINC000004002549,c1cn(-c2ccc(-c3nn[nH]n3)cc2)cn1,0.5648871,0.4917017
ZINC000004056503,Cc1ccc(Nc2cc(C)nc3nnnn32)cc1,1.5587074,0.5718067
ZINC000004416533,CC(=O)Nc1ccc2ccccc2c1[N+](=O)[O-],1.2577716,0.3839033
ZINC000004693315,O=C1Nc2ccccc2/C1=C\c1ccco1,0.5236432,0.427757
ZINC000004824152,C1N=C2Nc3nonc3N=C2N1,0.3507994,0.2925312
ZINC000004908456,C(=N/Nc1ccc2nncn2n1)\c1ccccn1,0.5748019,0.4136667
ZINC000004945771,CCOC(=O)C(=[N+]=[N-])C(=O)c1ccc2oc(=O)oc2c1,1.1498765,0.3243737
ZINC000004996797,O=C(Nc1ccccc1[N+](=O)[O-])c1cnccn1,1.4431945,0.2579286
ZINC000005344321,N/C(=N\[N+](=O)[O-])N/N=C/c1cccc([N+](=O)[O-])c1,0.3551106,0.3455661
ZINC000005421710,C#Cn1cccc1CCCC,2.3394014,0.4633133
ZINC000005480896,CC(=O)/N=C(\NC(C)=O)c1ccccc1[N+](=O)[O-],0.8631325,1.3235305
ZINC000005515464,O=C(/C=C/c1ccoc1)c1ccccc1,0.3837201,0.3103397
ZINC000005575332,O=C(O)c1ccccc1/C=C/C(=O)c1ccc[nH]1,1.3052413,0.3721444
ZINC000006059096,O=C1N=C2N=C(c3ccc([N+](=O)[O-])o3)N[C@H]2C(=O)N1,1.4160502,0.4678167
ZINC000006622782,O=c1[nH]c(=O)c2nn3cc(-c4ccccc4)nc3nc2[nH]1,0.2908093,0.2342194
ZINC000006664804,O=c1ccc(-c2nnc3c4ccccc4cnn23)n[nH]1,0.4459407,0.4132637
ZINC000006828144,Cn1cc(/C=C/C(=O)c2cccc([N+](=O)[O-])c2)cn1,0.3451181,0.26259
ZINC000008383094,Cc1nncc(N=[N+]=[N-])n1,0.3551647,0.2810867
ZINC000009275649,O=[N+]([O-])c1ccc2nc(-c3ccco3)[nH]c2c1,0.1655009,0.1550063
ZINC000012234348,CC(=O)Nc1nnc(-c2ccno2)o1,0.3005234,0.3267376
ZINC000012368298,Cn1nc2c3ccccc3[nH]c2nc1=N,0.6545646,0.416596
ZINC000012446871,Cc1cc2cccc(-n3cnnn3)c2o1,0.4156678,0.3240328
ZINC000013216798,Cn1c(N)cc2nc3ccccc3n2c1=O,1.1423618,0.2188528
ZINC000013407537,O/N=C/C1=C(C#Cc2ccccc2)CCC1,0.2204165,0.2387045
ZINC000013479850,O=C(c1ccccc1)c1ccc2[nH]c(=O)c(=O)[nH]c2c1,0.6838431,0.2660599
ZINC000014807888,N=C(N)c1cncnc1,0.76098,0.7686716
ZINC000015106141,c1ccc2c(c1)nc1nccc(-c3ccncc3)n21,0.4991549,0.7897532
ZINC000015934902,O/N=C/Nc1ncccn1,1.0027615,0.6911834
ZINC000016525746,c1c2ccccc2oc1-c1cnc2ccccc2n1,0.2699279,0.229981
ZINC000017297487,O=[N+]([O-])c1ccc2nc3c(cc([N+](=O)[O-])cc3[N+](=O)[O-])c(O)c2c1,1.0325428,0.1966188
ZINC000017420349,N/N=C1\c2ccccc2-c2ccc([N+](=O)[O-])cc21,0.3653469,0.3267043
ZINC000018067936,Cc1nnc(O)c2n[nH]nc21,0.7080221,0.8460451
ZINC000019478290,CC(=O)c1ccccc1NC(=O)c1cccnc1,0.2519597,0.2375054
ZINC000020357808,O=C(O)c1ncoc1-c1cnccn1,0.9155956,0.7666743
ZINC000022127179,Nc1ccccc1C(=O)n1cnnc1,0.8934117,0.2977929
ZINC000023042745,O=C1CN(/N=C/c2cc([N+](=O)[O-])ccc2O)C(=O)N1,0.5242079,0.3672198
ZINC000023140835,Cc1oc(C)c(C(=O)Nc2nc[nH]n2)c1C,0.8298514,0.5249761
ZINC000023142718,O=C(Nc1nc[nH]n1)c1ccc2ccccc2n1,0.756481,0.2342363
ZINC000024552078,C#Cc1cnc2cccnn12,0.3922863,0.3323771
ZINC000033846390,CCOC(=O)/C=C1/N=C2NONC2=NC1=O,0.5780242,0.4841519
ZINC000034163210,CN(C)/C=C/C(=O)c1cccc(NC=O)c1,1.1786242,0.3406253
ZINC000036533398,O=C(O)/C=C/c1ccc2c[nH]nc2c1,0.2188824,0.2465259
ZINC000047216009,c1cc(-c2cc(-c3ccncc3)ncn2)ccn1,0.4807251,0.4375591
ZINC000065404201,c1cnc2nc(-c3nc(C4CC4)n[nH]3)ccc2c1,0.4381097,0.3501475
ZINC000065424375,O=c1[nH]cnc2ccc(-n3cnc4ccccc43)cc12,0.4812638,0.2579525
ZINC000071286624,O=C1C/C(=C/c2c[nH]c3ncccc23)C(=O)N1,0.9446127,0.161279
ZINC000071785973,c1ccc2cc3c(cc2c1)C=CC=CC=C3,1.2475293,2.7449079
ZINC000072332487,O=c1oc2ccccc2cc1-c1nnc(-c2ccco2)o1,0.2176956,0.2419901
ZINC000072397738,Cc1cc(-c2cc(O)nnc2-c2ccco2)on1,0.626239,0.4304935
ZINC000094992645,CCOC(=O)c1cnc2oc(C)cn2c1=O,0.2892931,0.2168964
ZINC000095116274,CCC/C([N+](=O)[O-])=[N+](\[O-])O,0.8259145,0.4969072
ZINC000095617100,N=C(N)c1ccc2cc[nH]c2c1,0.2416795,0.2879424
ZINC000096311228,O=c1cc(-c2ccncc2)[nH]c2c1C=CCC2,0.3178192,0.4187159
ZINC000097965981,O=[N+]([O-])c1n[nH]c2cc([N+](=O)[O-])cc([N+](=O)[O-])c21,1.0735005,0.2797609
ZINC000102716895,N=C1C(c2nc3ccccc3[nH]2)=C(O)CN1N,1.229019,1.1017541
ZINC000104064910,COC(=O)C1=NC=NC1=[N+]=[N-],1.2916538,0.2884218
ZINC000200562488,c1cc(-c2nnc3cnccn32)n(-c2ccccn2)c1,0.4700066,0.7995137
ZINC000206583503,O=c1cc2ncc(CCCO)cn2c(=O)[nH]1,0.5765424,0.4694712
ZINC000212119722,[N-]=[N+]=N/C(=N/O)c1ccc([N+](=O)[O-])cc1,0.5843149,0.4107457
ZINC000426423402,Cc1n[nH]c(C)c1-c1ccc(-n2ccnc2)nn1,0.6099276,0.2475272
ZINC000426503600,c1cc2cccc(-c3cnc4nncn4c3)n2n1,0.4193515,0.4011616
ZINC000725272374,N=c1cc[nH]cc1-c1cc[nH]n1,0.458496,0.3741491
ZINC000001559259,C1=Cc2c(c3c(c4c2CC=C4)CC=C3)C1,0.1453886,0.1479459
ZINC000001562131,c1ccc2c(c1)cc1ccc3cc4ccccc4c4ccc2c1c34,0.1330688,0.1424813
ZINC000001562134,c1ccc2c(c1)-c1cccc3c4c5c(cccc5c-2c13)-c1ccccc1-4,0.2355657,0.2253523
ZINC000001570229,c1cc2c3c4c5c-2cccc5ccc4ccc3c1,0.3091266,0.2624887
ZINC000001570230,c1ccc2c(c1)c1cccc3ccc4cccc2c4c31,0.1071896,0.1099629
ZINC000001570231,c1ccc2cc3c(ccc4c5ccccc5ccc43)cc2c1,0.1812813,0.1865677
ZINC000001578125,c1ccc(-c2ccc(-c3cc4ccccc4c4ccccc43)cc2)cc1,0.346734,0.177164
ZINC000001580749,c1ccc2c(c1)cc1ccc3cccc4c5ccccc5c2c1c34,0.1830297,0.1848392
ZINC000001581009,Cc1ccc2ccc3cccc4ccc1c2c34,0.1398993,0.1432617
ZINC000001581013,c1ccc2cc3cc4cc5ccccc5cc4cc3cc2c1,0.1399117,0.147228
ZINC000001592595,C=Cc1c2ccccc2cc2ccccc12,0.2281921,0.2643815
ZINC000001599989,Cc1cc2c3ccc4ccccc4c3ccc2c2ccccc12,0.1125454,0.1159064
ZINC000001661416,c1ccc2c(c1)c1ccccc1c1c3ccccc3c3ccccc3c21,0.2254342,0.2140207
ZINC000001661486,c1ccc2cc(-c3cccc4ccccc43)ccc2c1,0.3447574,0.4081491
ZINC000001690209,c1ccc2cc(-c3ccc4ccccc4c3)ccc2c1,0.2948779,0.4276431
ZINC000001706824,c1ccc2c(c1)cccc2-c1cccc2ccccc21,0.3777993,1.9499044
ZINC000001709154,C=C1c2ccccc2C=Cc2ccccc21,0.6018781,0.7606513
ZINC000001722250,Cc1cc2ccc3ccccc3c2c2ccccc12,0.1321574,0.1321517
ZINC000001724509,c1ccc2c(c1)-c1ccccc1C2=C1c2ccccc2-c2ccccc21,0.4514718,0.3119561
ZINC000001726114,C(=C/c1ccccc1)\C=C1/C=Cc2ccccc21,0.5440941,0.4879384
ZINC000001729919,C=Cc1c2ccccc2cc2c1ccc1ccccc12,0.2336314,0.2613095
ZINC000002015938,C=Cc1ccc(C=C)cc1,0.2359165,0.2394624
ZINC000002026006,C(=C/c1cccc2ccccc12)\c1cccc2ccccc12,0.313284,0.5308823
ZINC000002077477,c1ccc(-c2c3ccccc3cc3c4ccccc4c4ccccc4c32)cc1,0.2707419,0.2403754
ZINC000002077498,C(#Cc1ccccc1)/C=C/c1cccc2ccccc12,0.2479556,0.4082299
ZINC000002077560,C(=C/c1cc2c3ccccc3ccc2c2ccccc12)\c1ccccc1,0.2684936,0.4015425
ZINC000002077572,c1ccc2c(c1)ccc1c2ccc2ccc3ccccc3c21,0.124317,0.1236052
ZINC000002077613,Cc1ccc2cc(/C=C/C#Cc3ccccc3)ccc2c1,0.1909222,0.2068602
ZINC000002077634,C(#Cc1cccc2ccccc12)/C=C/c1ccc2ccccc2c1,0.1720704,0.1899961
ZINC000002149794,C#Cc1ccc(C#C)cc1,0.2155252,0.2263116
ZINC000002159765,C=Cc1ccc2c3cccc4cccc(c5cccc1c52)c43,0.1643894,0.1869645
ZINC000002168369,c1ccc2c(c1)cc1ccc3c4ccccc4cc4ccc2c1c43,0.1309744,0.1396893
ZINC000002516903,c1ccc2c(c1)-c1ccc3ccc4cccc5cc-2c1c3c45,0.3374733,0.2975523
ZINC000002548221,C#Cc1cc2ccccc2c2ccccc12,0.1278827,0.133223
ZINC000002556844,c1ccc2cc3c(cc2c1)cc1ccc2cccc4ccc3c1c24,0.1444725,0.152121
ZINC000002558781,c1ccc2c(c1)ccc1c2ccc2c3ccc4ccccc4c3ccc12,0.1621493,0.1078993
ZINC000002558791,c1cc2ccc3c4ccc5cccc6ccc(c7ccc(c1)c2c37)c4c56,0.102194,0.1114882
ZINC000002558817,Cc1cc2ccc3ccc4ccc5ccc6ccc1c1c6c5c4c3c21,0.0639429,0.0674264
ZINC000002558819,Cc1c2cccc3ccc4cc5cccc6ccc1c(c65)c4c32,0.1171474,0.1219971
ZINC000002579246,C#Cc1cccc(C#C)c1,0.1399203,0.1390449
ZINC000003124423,c1ccc2c(c1)-c1cc3ccccc3cc1-2,0.5951002,0.5502704
ZINC000003136908,c1cc2ccc1ccc1ccc(cc1)cc2,0.2682528,0.1873252
ZINC000008384035,C(#Cc1ccccc1)/C=C/c1ccc2ccc3ccc4ccccc4c3c2c1,0.1935883,0.2103413
ZINC000008384066,C(#Cc1ccccc1)/C=C/c1ccc2ccc(/C=C\C#Cc3ccccc3)cc2c1,0.2039144,0.234558
ZINC000032098924,C#Cc1ccc2ccccc2c1,0.2349409,0.1255752
ZINC000038153032,C(=C\c1cccc2ccccc12)\c1ccc2ccccc2c1,0.4522523,0.638159
ZINC000043833729,C(=C\c1ccc2ccccc2c1)\c1ccc2ccccc2c1,0.9601626,0.726253
ZINC000049131990,C(=C/C=C/c1ccc2ccccc2c1)\C=C\c1ccccc1,0.1791191,0.2049634
ZINC000049597325,CC#Cc1ccc(C#Cc2ccc(C#CC)cc2)cc1,0.1779396,0.1962591
ZINC000055168390,C=Cc1ccc2c(c1)C=C2,0.8724734,0.7745793
ZINC000055169551,C1=CC2=CC=CC=C(C=C1)C2,0.2060932,0.1864549
ZINC000060227155,C#Cc1ccccc1-c1ccccc1C#C,0.4496898,0.5725709
ZINC000066368052,C(/C=C/c1ccc(/C=C/C=C/c2ccccc2)cc1)=C\c1ccccc1,0.1647523,0.1929682
ZINC000066383320,C=Cc1ccc(-c2ccc(C=C)cc2)cc1,0.2770157,0.4020117
ZINC000068562976,c1ccc2c(c1)cccc2-c1ccc2cc3ccccc3cc2c1,0.1952113,0.2156312
ZINC000068564967,C/C1=C/C=C/C2=CC=CC=C(/C=C/C=C(/C)C#CC#C1)C2,0.045006,0.0843127
ZINC000068565001,c1ccc2c(c1)C=Cc1ccccc1C=C2,1.3083608,2.3480236
ZINC000068565023,Cc1cccc2c1=c1ccccc1=CC=c1ccccc1=2,1.0534146,1.3463351
ZINC000068568373,c1ccc2c3ccc(cc3)ccc3ccc(cc3)c2c1,0.2251009,0.1695166
ZINC000068568443,C1=CC2=CC=C3C=CC=CC4=C3CC2=C(C=C1)C=C4,0.4871143,0.4416136
ZINC000068568448,c1cc2c3c(c1)C=Cc1cccc(c1C3)C=C2,0.7727756,0.3123086
ZINC000068568452,C1=Cc2c3c(c4c5c2=CC=CC(=CC=C4)C5)=CC=CC(=C1)C3,0.2892288,0.2842826
ZINC000068568875,CC1(C)c2ccc3c4c2-c2c1cccc2C#Cc1cccc(c1-4)C3(C)C,0.4194586,0.400525
ZINC000068569294,C(=C\c1ccc2ccc3ccccc3c2c1)\c1ccc2ccccc2c1,0.7102799,0.6572187
ZINC000071782860,c1cc2ccc(ccc3ccc(ccc4ccc1cc4)cc3)cc2,0.8000942,0.4518762
ZINC000071785568,c1ccc2c(c1)C=CC=CC=C2,1.4578845,2.6124719
ZINC000071786300,c1cc2cccc3ccccc(c1)c23,0.4140934,0.4137208
ZINC000072194423,CCCCCC1=C/C(=C\c2cccc3ccccc23)c2ccccc21,0.682842,0.7028804
ZINC000072283909,C(#Cc1ccc(/C=C/c2ccccc2)cc1)c1ccccc1,0.1874335,0.2097141
ZINC000075245287,Cc1ccc(/C=C/c2cc3ccccc3c3ccccc23)c2ccccc12,0.3476168,0.7135532
ZINC000075259954,C=C(C)c1cccc2c(C(=C)C)cccc12,0.5306526,0.3463248
ZINC000077272312,C1=Cc2c3c1cc1ccccc1c3cc1ccccc21,0.4087473,0.3658705
ZINC000080022046,CC1=Cc2cccc(-c3cccc4ccccc43)c2C1,0.2977119,0.3868295
ZINC000081214015,C/C=C\c1ccc2ccccc2c1,0.2673249,0.2559783
ZINC000090751371,C(/C=C\c1ccccc1)=C1c2ccccc2-c2ccccc21,0.466863,0.4483735
ZINC000095842459,c1cc2ccc3cc4c(c5ccc(c1)c2c35)CCC=C4,0.1069927,0.1074804
ZINC000095931075,c1ccc2c(c1)cccc2-c1c2ccccc2cc2ccccc21,0.2423528,0.2198492
ZINC000096022883,C(=C\c1ccc(/C=C\c2ccccc2)c2ccccc12)\c1ccccc1,0.4615594,1.1804702
ZINC000096124681,C(/C=C/c1ccc(/C=C/c2ccccc2)cc1)=C\c1ccccc1,0.1756664,0.2032824
ZINC000097994603,C(=C\c1c2ccccc2cc2ccccc21)\c1ccc2ccccc2c1,0.3442926,0.6496393
ZINC000098090980,C(#CC1=CCCCC1)C1=CCCCC1,0.2868281,0.301633
ZINC000101094257*,C1=CC23C=Cc4ccc5ccc(cc5c42)/C=C\c2ccc4ccc1c3c4c2,0.9081313,0.2642457
ZINC000104033192,C(=C1/C=Cc2ccccc21)\c1ccccc1,0.6588871,0.6483423
ZINC000104142900,C(=C1/C=Cc2ccccc21)\c1cccc(/C=C2/C=Cc3ccccc32)c1,0.6266105,0.352565
ZINC000104145861,C(=C/c1ccccc1)\C(=C/C=C\c1ccccc1)\C=C/c1ccccc1,0.4607071,0.5876795
ZINC000104784222,C1#Cc2ccccc2C#Cc2ccccc21,0.4674744,0.4495695
ZINC000329788194*,C1=CC=C=c2ccccc2=1,0.6726265,0.7965158
ZINC000390822887,C#Cc1c2ccccc2c(C#Cc2ccccc2)c2ccccc12,0.1464869,0.15713
ZINC000584577819,CC1=Cc2c(c3ccccc3c3c2CC=CC=3)=C1,0.6801676,0.6095309
