ID,SMILES,lambda_4p (eV)
BESGUE,CC1=[N+]2C(=C(C)C3=C(C)C=C(CN(CC#C)CC4=CC(=C5N4[B-](F)(F)[N+]4=C(C)C=C(C)C4=C5C)C)N3[B-]2(F)F)C(=C1)C,25.65
OPOPOZ,c1ccc(cc1)c1c2c3ccc4cccc5ccc(c3c45)c2c(c2ccccc2)c2c(c3ccccc3)c3c4ccc5cccc6ccc(c4c56)c3c(c3ccccc3)c12,25.94
SEGTAC,CC(C)Cc1ccc(cc1)C1=C2C=CC(=[N+]2[B-](F)(F)N2C(=CC=C12)CCC1=CC=C2N1[B-](F)(F)[N+]1=C(C)C=CC1=C2c1ccc(CC(C)C)cc1)C,28.08
SURRAA,CCC1=C(C)C2=CC3=CC=C(N3[B-](F)(F)[N+]2=C1C)C(C)(C)C1=CC=C2C=C3[N+](=C(C)C(=C3C)CC)[B-](F)(F)N12,32.47
MAXDIB,F[B-]1(F)N2C(=C(Cl)C(=C2C(=C2[N+]1=C(Oc1ccccc1)C(=C2Br)Cl)Oc1ccccc1)Br)Oc1ccccc1,38.05
PHTHCY01,N1C2=C3C=CC=CC3=C1N=C1N=C(N=C3NC(=NC4=NC(=N2)c2ccccc42)c2ccccc32)c2ccccc12,41.71
WEMWIX,Cc1ccc(cc1)C1=C2C=CC(=[N+]2[B-](F)(F)N2C(=CC=C12)N1C=Nc2ccccc12)N1C=Nc2ccccc12,43.27
VIFSEI,CC(C)(C)C1=CC(C=C(O1)C(C)(C)C)=CC1=C([O-])C(=Cc2cc([o+]c(c2)C(C)(C)C)C(C)(C)C)C1=O,43.3
SUTHAT,Cc1cc(C)c(c(C)c1)C1=C2C=C3c4ccccc4C4=C(NC=C4)C3=N2B(F)(F)N2C1=Cc1c3ccccc3c3C=CNc3c21,43.96
SOYSUW,F[B-]1(F)N2C(=CC(=C2C2=CC=CN2)Br)C(=C2C=C(Br)C(=[N+]12)C1=CC=CN1)c1ccccc1,44.85
QIQSER,CCC1=C2NC(=C1CC)C1=CC=C(S1)C1=NC(=CC=C3NC(=C4SC(=C5N=C(C=C2)C(=C5CC)CC)C=C4)C(=C3CC)CC)C(=C1CC)CC,45.19
IPUVAS,CC1=[N+]2C(=CC3=C(C)C(=C(Sc4ccc(SC5=C(C)C(=C6C=C7[N+](=C(C)C(=C7C)C)[B-](F)(F)N56)C)cc4)N3[B-]2(F)F)C)C(=C1C)C,45.63
WOJWIE,CCC(CC)COC1=C(NC(=C1)C(C1=CC(=C(N1)c1ccccc1)OCC(CC)CC)=C1N=NN=N1)c1ccccc1,45.87
SUJJUE,COC(=O)CCC1=C2N(C(=C1C)C#C[Si](C)(C)C)[B-](F)(F)[N+]1=C(C#C[Si](C)(C)C)C(=C(CCC(=O)OC)C1=C2c1ccccc1)C,46.08
XABSIF,CC(C)(C)C1=CC(C=C(O1)C(C)(C)C)=CC1=C([S-])C(=Cc2cc([o+]c(c2)C(C)(C)C)C(C)(C)C)C1=C(C#N)C#N,46.46
QALLOH,CC1(C)C(Nc2ccc(Br)cc12)=CC1=C([O-])C(=CC2=[NH+]c3ccc(Br)cc3C2(C)C)C(=O)C1=O,46.54
ZIFGIG,CC(=O)C1=C(C)N2C(=C1C)C=C1[N+](=C(C)C=C1C)[B-]2(F)F,47.06
NUVXUA,COC(=O)CCCCC1=C2C(=CC(=N2B(F)(F)N2C(=CC(=C12)C)C)C)C,47.88
COLXOS,CC1=[N+]2C(=CC3=CC=C(Br)N3[B-]2(F)F)C(=C1)C,48.14
KETDIY,CC1=CC(=C2N1[B-](F)(F)[N+]1=C(C)C=C(C)C1=C2C1=COC=C1)C,48.22
BAMTAN,CC(=O)OCC(COC(=O)CCCC1=C2[N+](=C(C)C=C2C)[B-](F)(F)N2C(=CC(=C12)C)C)(COC(C(F)(F)F)(C(F)(F)F)C(F)(F)F)COC(C(F)(F)F)(C(F)(F)F)C(F)(F)F,48.45
VAGRUR01,CC1=CC(=C2N1[B-](F)(F)[N+]1=C(C)C=C(C)C1=C2CCCOC(=O)CCCBr)C,48.81
WEPGUU04,CC1=CC(=C2C=C3[N+](=C(C)C=C3C)[B-](F)(F)N12)C,49.77
MUSKES,CC(C)(C)C1=CC=C2C=C3C=CC(=[N+]3[B-](F)(F)N12)C(C)(C)C,50.17
YILZEA,CC1=CC(=C2N1[B-](F)(F)[N+]1=C(C)C=C(C)C1=C2C1=CC=C(I)S1)C,50.38
BAMTER,CC1=CC(=C2C=C3C=CC(=[N+]3[B-](F)(F)N12)F)C,50.95
CIVNON,CC1=CC(=C2N1B1(OCC(=O)O1)N1=C(C)C=C(C)C1=C2c1ccccc1)C,51.71
GETCIU,CC1=[N+]2C(=CC3=CC=C(CCC(O)=O)N3[B-]2(F)F)C(=C1)C,52.06
NUXXEM,FB1(F)N2C(=C(Br)C=C2C(=C2C=C(Br)C(=N12)Br)Br)Br,52.07
TOSWEF,CCCCCCCCN1C(=[Se]c2ccccc12)C=C1C(=O)C(=CC2=[Se]c3ccccc3N2CCCCCCCC)C1=C(C#N)C#N,52.58
XEVSAU,CCCCN1C(C=Cc2ccccc12)=CC1=C([O-])C(=Cc2ccc3ccccc3[n+]2CCCC)C1=C(C#N)C#N,52.59
YIZVAH,CCCCCCN1C=C(c2cc(ccc12)N(=O)=O)C1=C2C(=CC(=N2B(F)(F)N2C(=CC(=C12)C)C)C)C,52.71
GUNFUS,COc1ccc(cc1)C1=C2C=CC(=[N+]2[B-](F)(F)N2C(=CC=C12)Cl)Cl,53.07
KETDEU,CC1=CC(=C2N1[B-](F)(F)[N+]1=C(C)C=C(C)C1=C2C1=CC=CS1)C,53.59
MAXDAT,F[B-]1(F)N2C(=C(Cl)C(=C2C(=C2[N+]1=C(Cl)C(=C2Br)Cl)Oc1ccccc1)Br)Cl,54.07
SOJSAO,CCCCCCN1c2ccccc2c2cc(ccc12)C1=C2C(=CC(=N2B(F)(F)N2C(=CC(=C12)C)C)C)C,54.11
KULNOX,Fc1ccc(cc1)C1=CC2=C(O1)C=C1C=C3C=C4OC(=CC4=N3B(F)(F)N21)c1ccc(F)cc1,54.79
DIXKON,CC1=CC(=C2C=C3[N+](=C(C)C=C3C)[B-](F)(N12)C(F)(F)F)C,54.85
SEZGOV,CCCCN1C(=CC=C1C1=C([O-])C(C1=O)=C1C=CC(=[N+]1CCCC)C=NN(c1ccccc1)c1ccccc1)C=NN(c1ccccc1)c1ccccc1,55.35
KULNUD,FB1(F)N2C(=CC3=C2C=C(O3)c2ccccc2)C=C2C=C3OC(=CC3=N12)c1ccccc1,55.64
LIJQAZ,CC1=CC(=C2N1B(F)(F)N1=C(C)C=C(C)C1=C2C1=NC=CS1)C,55.82
WOKRIA,CCOC(=O)C1=C(C)N2C(=C1C)C(=C1[N+](=C(C)C(=C1C)C(=O)OCC)[B-]2(F)F)C#[N+][O-],56.37
SULKER,COc1ccc(cc1)C1=C2C=C(Cl)C(=[N+]2[B-](F)(F)N2C1=CC(=C2C#Cc1ccccc1)Cl)C#Cc1ccccc1,56.64
BAMSIU,CC1=CC(=C2C=C3[N+](=C(C)C(=C3C)C(F)(F)F)[B-](F)(F)N12)C,56.86
IGUTIO,CC1=CNC(=C1C)C1=CC(O[B-](F)(F)O1)=C1[NH+]=CC(=C1C)C,57.1
NOLJUV,Cc1cc(C)c(c(C)c1)C1=C2C=CC(=[N+]2[B-](F)(F)N2C(=CC=C12)Br)Br,57.13
SULKIV,COc1ccc(cc1)C1=C2C=C(Cl)C(=[N+]2[B-](F)(F)N2C(=C(Cl)C=C12)Cl)Cl,57.55
DOGVED,CC(C)OP(=O)(NCCNc1c(F)c(F)c(c(F)c1F)C1=C2[N+](=C(C)C=C2C)[B-](F)(F)N2C(=CC(=C12)C)C)OC(C)C,57.64
JUDYEP,CCN(CC)c1ccc(cc1)C1CC(=[NH+]N1c1ccc(cc1)C1=C2C(=CC(=N2B(F)(F)N2C(=CC(=C12)C)C)C)C)c1ccccc1[O-],57.69
GIVSUC,CC1=CC(=C2N1B(F)(F)N1=C(C)C=C(C)C1=C2c1ccccc1C)C,57.77
SUJJAK,COC(=O)CCC1=C2N(C(=C1C)Cl)[B-](F)(F)[N+]1=C(Cl)C(=C(CCC(=O)OC)C1=C2c1ccccc1)C,57.87
CUFBOV01,CCCCN1C(Sc2ccccc12)=CC1=C([O-])C(=CC2=[N+](CCCC)c3ccccc3S2)C1=C(C#N)C#N,57.9
GUNGED,CCCC1=C2C=CC(=[N+]2[B-](F)(F)N2C(=CC=C12)Cl)Cl,58.07
WUPPEF,COc1ccc(OC2=N3C(=C(c4ccccc4)C4=C5CCCCC5=C(I)N4B3(F)F)C3=C2CCCC3)cc1,58.83
NALVAA,CC1=CC(=C(N1)C1=CC(O[B-](F)(F)O1)=C1[NH+]=C(C)C=C1C)C,59.09
WORRED,FB1(F)N2C(=CC3=C2C2=C(S3)C=CS2)C=C2C=CC(=N12)c1ccccc1,59.11
IGUTOU,CCC1=CNC(=C1CC)C1=CC(O[B-](F)(F)O1)=C1[NH+]=CC(=C1CC)CC,59.86
NALVEE,CC1=C(C(=C(N1)C1=CC(O[B-](F)(F)O1)=C1[NH+]=C(C)C(=C1C)c1ccccc1)C)c1ccccc1,60.53
KETDAQ,CC1=CC(=C2N1[B-](F)(F)[N+]1=C(C)C=C(C)C1=C2C1=CC=CO1)C,60.92
BAMSEQ,CC1=C(C(=C2C=C3[N+](=C(C)C(=C3C)C(F)(F)F)[B-](F)(F)N12)C)C(F)(F)F,61.58
XUQVOX,CO[B-]1(N2C(=C3CCCCC3=C2C(=C2[N+]1=C(I)C1=C2CCCC1)c1ccccc1)I)c1ccccc1,62.44
HUCVIM,CCCCN(CCCC)C1=CC=C(S1)C=CC=C1C(=O)c2ccccc2C1=C(C#N)C#N,62.62
NUNQAR,CC(C)N1C=Nc2c1ncnc2c1cccc(Cc2ccc(cc2)C2=C3C(=CC(=N3B(F)(F)N3C(=CC(=C23)C)C)C)C)c1,62.97
MAXDEX,F[B-]1(F)N2C(=C(Cl)C(=C2C2=C3[N+]1=C(Oc1ccccc1)C(=C3c1ccccc1O2)Cl)Br)Oc1ccccc1,63.05
LOBPOK,COc1ccc(cc1)C1=C2C=C3C(=N2B(F)(F)N2C4=C(C=C12)c1ccccc1O4)Oc1ccccc31,63.07
LORCAZ,CC1=CC(=C2N1[B-](F)(F)[N+]1=C(C)C=C(C)C1=C2c1ccc(OC(=O)c2ccccc2)cc1)C,63.28
WOKREW,CC1=CC(=C2N1[B-](F)(F)[N+]1=C(C)C=C(C)C1=C2C#[N+][O-])C,63.58
JURCEH,Cc1ccc(cc1)C1=C2C=CC(=[N+]2[B-](F)(F)N2C(=CC=C12)C=C(Br)Br)C=C(Br)Br,63.66
RAFHUD,C[N+]1=C(C=CC=C2O[B-](F)(F)OC3=C2C(=O)CC(C)(C)C3)C(C)(C)c2ccccc12,63.87
QIRQAJ,CCCCN(CCCC)C1=CC=C(S1)C=C1C(=O)NC(=O)C(=C1C)C#N,64.02
PEXXEY,CCCCN(CCCC)c1ccc(c(O)c1)C1=C([O-])C(=CC2=[N+](CCCC)c3ccccc3S2)C1=C(C#N)C#N,64.28
LUHTEQ,CC1=CC(=C2N1B(F)(F)N1=C(C)C=C(C)C1=C2c1c(F)c(F)c(NCCO)c(F)c1F)C,64.32
HUCVUY,CCCCN(CCCC)C1=CC=C(S1)C=C1C(=C(C#N)C(=O)N(Cc2ccccc2)C1=O)C,64.47
ROZHIZ,CCC1=C(C)C2=C(Oc3ccccc3)C3=C(C)C(=C(Cl)N3[B-](F)(F)[N+]2=C1C)C,64.55
KUVKAQ,F[B-]1(F)N2C(=C3CCCCC3=C2C(=C2[N+]1=C(C1=CC=CO1)C1=C2CCCC1)c1ccccc1)C1=CC=CO1,64.88
JULBAW,CCC1=C(C)N2C(=C1C)C(=C1C(=C(CC)C(=N1B2(F)F)C)C)c1cc2CCCN3CCCc(c1)c23,64.9
SUMTEB,F[B-]1(F)N2C(=C(Cl)C=C2C(=C2C=C(Cl)C(=[N+]12)Cl)Cl)Cl,64.91
SUJHOW,COC(=O)CCC1=C2N(C(=C1C)C#C[Si](C)(C)C)[B-](F)(F)[N+]1=C(C#C[Si](C)(C)C)C(=C(CCC(=O)OC)C1=C2C#C[Si](C)(C)C)C,64.98
NOLJOP,Fc1c(F)c(F)c(c(F)c1F)C1=C2C=CC(=[N+]2[B-](F)(F)N2C(=CC=C12)Br)Br,65.14
JUSLER,CC1=CC(=C2N1B(F)(F)N1=C(C)C=C(C)C1=C2c1ccc(cc1)C1=CN(CN2C=CC=N2)N=C1)C,65.24
QANCIT,CC1=CC(=C2N1[B-](F)(F)[N+]1=C(C)C=C(C)C1=C2C1=C(Br)OC(=C1)Br)C,65.25
JUSLOB,CC1=CC(=C2N1B(F)(F)N1=C(C)C=C(C)C1=C2c1ccc(cc1)C(N1C=CC=N1)N1C=CC=N1)C,65.43
RUQYEK,CC1=C(C#Cc2ccccc2)C(=C(N1)C1=CC(=OB(F)(F)O1)C1=C(C)C(=C(C)N1)C#Cc1ccccc1)C,65.5
ROZGUK,CCC1=C(C)C2=C(C3=CC=CS3)C3=C(C)C(=C(N3[B-](F)(F)[N+]2=C1C)C1=CC=CO1)C,65.56
RIYYAC,CCC1=C(C)N2C(=C1C)C(=C1[N+](=C(C)C(=C1C)CC)[B-]2(F)F)c1ccc(cc1)N(CCOCCOC(C)=O)CCOC(C)=O,65.59
ZUWFAB,Cc1cc(C)c(c(C)c1)C1=C2C=C3c4ccccc4C=C(C)C3=N2B(F)(F)N2C1=Cc1c3ccccc3cc(C)c21,65.72
LEFYAZ,CCC1=C(C)C2=CC3=C(C)C(=C(Br)N3[B-](F)(F)[N+]2=C1CC1=C2CCCCC2=C2C=C3[N+](=C(Br)C(=C3C)C)[B-](F)(F)N12)C,65.73
KUFWUG,CCC1=C(C)C2=CC3=CC=C(Cc4ccccc4)N3[B-](F)(F)[N+]2=C1C,65.92
FIDLEL,FC(F)(F)c1cc(cc(c1)C(F)(F)F)C1=C2C=CC(=[N+]2[B-](F)(F)N2C(=CC=C12)Cl)Cl,66.03
SURREE,CCC1=C(C)C2=CC3=CC4=C(N3[B-](F)(F)[N+]2=C1C)C(C)(C)C1=C4C=C2C=C3[N+](=C(C)C(=C3C)CC)[B-](F)(F)N12,66.18
XONREA,CCC1=CC=C2N1B(F)(F)N1=C(CC)C=CC1=C2c1ccc(Br)cc1,66.21
XELCEY,CC1=C(Cl)C(=C2N1[B-](F)(F)[N+]1=C(C)C(=C(C)C1=C2C1=COC=C1)Cl)C,66.24
TURWOV,CCC1=C(C)C2=C(Oc3ccccc3)C3=C(C)C(=C(Cl)N3B(F)(C#N)N2=C1C)C,66.97
CESGUF,F[B-]1(C#N)N2C(=C3C=CC=CC3=C2c2ccccc2)N=C2[N+]1=C(c1ccccc1)c1ccccc21,67.07
SUHVOI,COC(=O)CCC1=C2N(C(=C1C)C#C[Si](C)(C)C)[B-](F)(F)[N+]1=C(C(=C(CCC(=O)OC)C1=C2C#C[Si](C)(C)C)C)C1=CC=CS1,67.47
POQMOZ,COc1ccc2c(CCC3=C2N2C(=C3)C(=C3C=C4CCc5cc(OC)ccc5C4=[N+]3[B-]2(F)F)C=O)c1,67.61
NUSWOQ,COc1ccc(OC2=C3CCCCC3=C3N2B(F)(F)N2=C(Oc4ccc(OC)cc4)C4=C(CCCC4)C2=C3c2ccccc2)cc1,67.76
HEZDOI,Cc1ccc(SC2=C(C)C(=C3C=C4[N+](=C(Sc5ccc(C)cc5)c5c(F)c(F)c(F)c(F)c45)[B-](F)(F)N23)C)cc1,68.21
YIWFIV,CN(C)c1ccc(cc1CCO)c1ccc(cc1)C1=C2[N+](=C(C)C=C2C)[B-](F)(F)N2C(=CC(=C12)C)C,68.24
TUTVUC,COc1ccc(cc1)C1=C2C=C(Br)C(=N2B(F)(F)N2C(=C(Br)C=C12)Cl)Cl,68.43
PIFJUK,CC1=CC(=C2N1[B-](F)(F)[N+]1=C(C)C=C(C)C1=C2c1ccc(Br)cc1)C,68.71
ZUNDIY,CC1=CC(=C2N1B(F)(F)N1=C(C)C=C(C)C1=C2c1ccc(cc1)N1c2ccccc2Oc2ccccc12)C,69.08
HEZDUO,CC1=C(SCc2ccccc2)N2C(=C1C)C=C1[N+](=C(SCc3ccccc3)c3c(F)c(F)c(F)c(F)c13)[B-]2(F)F,69.19
RADVOL,Cc1cc(C)c(c(C)c1)C1=C2C=CC(=N2B(F)(F)N2C=CC=C12)C1(C)C=C(C(=O)C(=C1)C(C)(C)C)C(C)(C)C,70.03
WORPUR,CC1=C(C(=N2C1=CC1=CC3=C(N1B2(F)F)C1=C(S3)C=CS1)C)C(C)(C)C,70.28
MUZTEJ,CCC1=C(C)C2=C(Oc3ccccc3)C3=C(C)C(=C(N3B(F)(F)N2=C1C)C1=CC=CS1)C,70.63
UDICIW,OC(=O)c1ccc(cc1)C1=C2C=CC(=[N+]2[B-](F)(F)N2C(=CC=C12)Cl)Cl,70.83
ONOYOH,CCCCC(CC)COc1ccc(cc1)C1=C2[N+](=C(C)C(=C2C)I)[B-](F)(F)N2C(=C(I)C(=C12)C)C,71.33
JULCOL,CCC1=C(C)N2C(=C1C)C(=C1C(=C(CC)C(=N1B2(F)F)C)C)c1ccc(OC)cc1,71.89
OBEPUJ01,CC(=O)OC1=C(O[B-](F)(F)OC1=C1[NH+]=CC=C1)C1=CC=CN1,72.39
CITCUG,CCCCN1C(=CC=CC=CC=C(C#N)C#N)N(CCCC)c2ccccc12,72.6
WUVTOY,CCC1=C(C)N2C(=C1C)C(=C1[N+](=C(C)C(=C1C)CC)[B-]2(C#N)c1ccccc1)c1ccccc1,72.63
COXLIN,CC1=CC(=N2C1=CC1=CC=C(C=Cc3ccccc3)N1B2(F)F)C,73.22
FUJVIS,CC1=C(I)C(=C2N1B(F)(F)N1=C(C)C(=C(C)C1=C2c1ccc(OCCCCN=[N+]=[N-])cc1)I)C,73.36
SANROQ,CC1=CC(=C2N1[B-](F)(F)[N+]1=C(C)C=C(C)C1=C2c1ccc(OC(=O)c2ccccc2)c2ncccc12)C,73.45
LUSXUV,COC(=O)CCC1=C(C)N2C(=C1C)C=C1C(=C(CCC(=O)OC)C(=N1B2(F)F)C)C,73.52
ILUWIX,CCC1=C(C)N2C(=C1C)C(=C1[N+](=C(C3=CC=CN3)c3ccccc13)[B-]2(F)F)C,73.76
SUJKIT,COC(=O)CCC1=C2N(C(=C1C)C#C[Si](C)(C)C)[B-](F)(F)[N+]1=C(Cl)C(=C(CCC(=O)OC)C1=C2C#C[Si](C)(C)C)C,73.98
LINMUT,CN(C)c1ccc(cc1)C1=NC2=[N+](c3c(F)c(F)c(F)c(F)c3S2)[B-](F)(F)O1,74.16
GUNFOM,CCC1=C(C)C2=CC3=CC=C(Cl)N3[B-](F)(F)[N+]2=C1C,74.26
ROZGOE,CCC1=C(C)C2=C(c3ccccc3)C3=C(C)C(=C(Cl)N3[B-](F)(F)[N+]2=C1C)C,74.39
PEWDUT,CCC1=C(C)N2C(=C1C)C(=C1[N+](=C(C)C(=C1C)CC)[B-]2(F)F)c1ccc(OCC2=CN(Cc3ccccc3)N=N2)cc1,74.85
CESHAM,N#C[B-]1(C#N)N2C(=C3C=CC=CC3=C2c2ccccc2)N=C2[N+]1=C(c1ccccc1)c1ccccc21,75.1
FUJVOY,CC1=C(Br)C(=C2N1B(F)(F)N1=C(C)C(=C(C)C1=C2c1ccc(OCCCCN=[N+]=[N-])cc1)Br)C,75.19
NUBVAK,CCC1=C(C)N2C(=C1C)C(=C1C(=C(CC)C(=N1B2(F)F)C)C)c1ccc(cc1)N(c1ccccc1)c1ccccc1,75.26
YOXTEN,CC1=CC(=C2N1[B-](F)(F)[N+]1=C(C)C=C(C)C1=C2c1ccc(cc1)c1ccncc1)C,75.47
BAMSAM,CC1=CC(=C2N1[B-](F)(F)[N+]1=C(C)C(=C(C)C1=C2C)C(F)(F)F)C,75.83
XOGDUT01,CCC1=C(C)N2C(=C1C)C=C1[N+](=C(C)C(=C1C)CC)[B-]2(F)F,75.94
WOHBED,CC1=C(c2ccncc2)C(=C2N1B(F)(F)N1=C(C)C(=C(C)C1=C2c1ccccc1)c1ccncc1)C,76.07
ROZGEU,CCC1=C(C)C2=C(C3=CC=CO3)C3=C(C)C(=C(N3[B-](F)(F)[N+]2=C1C)C1=CC=CO1)C,76.08
GEGRUI,CCOC(=O)C=CC1=C(N2C(=C1c1ccccc1)N=C1[N+](=C(C=C1c1ccccc1)c1ccc(OC)cc1)[B-]2(F)F)c1ccc(OC)cc1,76.35
ROZGAQ,CCC1=C(C)C2=C(C3=CC=CS3)C3=C(C)C(=C(N3[B-](F)(F)[N+]2=C1C)C1=CC=CS1)C,76.47
DURYOG,CCC1=C(C)C2=CC3=C(C)C(=C(C)N3[B-](F)(F)[N+]2=C1C)I,77.06
TUYDEZ,CC1=C(c2ccncc2)C(=C2N1B(F)(F)N1=C(C)C(=C(C)C1=C2c1ccncc1)c1ccncc1)C,77.42
GEQQAX,Cc1cc(C)c(c(C)c1)C1=C2C=CC(=[N+]2[B-](F)(F)N2C(=CC=C12)C(c1ccccc1)c1ccccc1)C(c1ccccc1)c1ccccc1,77.44
SOYSOQ,F[B-]1(F)N2C(=C(Br)C=C2C(=C2C=C(Br)C(=[N+]12)C1=CC=CN1)c1ccccc1)Br,77.94
ROZGIY,CCC1=C(C)C2=C(c3ccccc3)C3=C(C)C(=C(N3[B-](F)(F)[N+]2=C1C)c1ccccc1)C,78.21
GERJEV,F[B-]1(F)N2C(=CC=C2C(=C2C=CC(=[N+]12)SC1=CC=CS1)c1ccccc1)SC1=CC=CS1,78.28
MUKKAE,Cc1cc[n+](cc1)C1=NC(=C(Br)[N-]1)Br,78.48
JURBOQ,COc1ccc(cc1)C1=C2C=CC=[N+]2[B-](F)(F)N2C(=CC=C12)C=C(Br)Br,78.54
YEXJER,CCC1=C(C)N2C(=C1CC)C(=C1[N+](=C(C)C(=C1CC)CC)[B-]2(F)F)c1ccc(cc1)N(C)C,78.6
LUSMEU,COC(=O)CCC1=C2C=C3C(=C(C)C(=N3B(F)(F)N2C(=C1C)C)C)CCC(=O)OC,78.91
YUBGIO,CCC1=C(C)N2C(=C1C)C(=C1[N+](=C(C)C(=C1C)CC)[B-]2(F)F)c1ccc(OC(=O)c2ccc(C=C)cc2)cc1,79.2
QOMDUU,FC(F)(F)C1=C2C=C3Oc4ccccc4C3=[N+]2[B-](F)(F)N2C1=CC1=C2c2ccccc2O1,79.21
WOHBON,CC1=C(c2cncnc2)C(=C2N1B(F)(F)N1=C(C)C(=C(C)C1=C2c1ccccc1)c1cncnc1)C,79.24
SOLJIP,CCOC(=O)c1ccc2OB3(Oc2c1)N1C(=C(CC)C(=C1C(=C1C(=C(CC)C(=N31)C)C)C)C)C,79.79
OGIBIS,COC(=O)c1ccc(cc1)C1=C2C=C(Cl)C(=N2B(F)(F)N2C(=CC=C12)Cl)Cl,80.05
KUVJUJ,F[B-]1(F)N2C(=C3CCCCC3=C2C(=C2[N+]1=C(C1=CC=CS1)C1=C2CCCC1)c1ccccc1)C1=CC=CS1,80.08
KUGCIY,CN1C=CC(=CC(C#N)=C(C#N)C#N)c2ccccc12,80.1
SOLJOV,CCC1=C(C)N2C(=C1C)C(=C1C(=C(CC)C(=N1B12Oc2ccc(C=O)cc2O1)C)C)C,80.11
JULCIF,CCC1=C(C)N2C(=C1C)C(=C1C(=C(CC)C(=N1B2(F)F)C)C)C1=CC=C(S1)C1=CC=C(S1)C1=CC=C(S1)C1=CC=C(S1)C=O,80.27
WORRAZ,CCC1=C(C)C2=CC3=CC4=C(N3B(F)(F)N2=C1C)C1=C(S4)C=CS1,80.5
ROKFAB,CC1=C2N(C(=C1)C=CC1=CSC=C1)B(F)(F)N1=C(C=CC3=CSC=C3)C=C(C)C1=C2c1ccc(OCCCCN=[N+]=[N-])cc1,80.63
KUSQEX,Cc1ccc(SC2=C3CCCCC3=C3N2[B-](F)(F)[N+]2=C(Sc4ccc(C)cc4)C4=C(CCCC4)C2=C3c2ccccc2)cc1,82.01
XUPKOI,CN(C)c1ccc(cc1)N1C(=CC=C1C1=CC=C(S1)C(C#N)=C(C#N)C#N)C1=CC=CS1,82.29
PAVVUG,COc1cc(cc(OC)c1OC)C(=O)Nc1ccc(cc1)C#Cc1ccc(cc1)C1=C2[N+](=C(C)C=C2C)[B-](F)(F)N2C(=CC(=C12)C)C,82.47
PUVGAR,COC(=O)C(=CC1=CC=C2N1B(F)(F)N1=C(C=CC1=C2c1ccccc1)C#N)C(=O)OC,82.83
ROZFIX,CCC1=C(C)C2=C(Cl)C3=C(C)C(=CN3[B-](F)(F)[N+]2=C1C)C,82.96
HUCVOS,CCCCN(CCCC)C1=CC=C(S1)C=CC=C1C(=C(C#N)C(=O)N(Cc2ccccc2)C1=O)C,83.11
KUWQOL,CC1=CC=C(S1)C1=C2CCCCC2=C2N1[B-](F)(F)[N+]1=C(C3=CC=C(C)S3)C3=C(CCCC3)C1=C2c1ccccc1,83.12
MEYRAM,CCC1=C(NC(=C1CC)C1=CC(O[B-](F)(F)O1)=C1[NH+]=C(C#Cc2cccc(OCC=C)c2)C(=C1CC)CC)C#Cc1cccc(OCC=C)c1,83.14
WOFQUG,CC1=CC(=C2N1B(F)(F)N1=C(C)C=C(C)C1=C2c1ccc(cc1)C#Cc1ccc(cc1)C(c1ccccc1)=C(c1ccccc1)c1ccccc1)C,83.15
BUWGEH,CCC1=C(NC(=C1CC)C1=CC(O[B-](F)(F)O1)=C1[NH+]=C(C#Cc2ccccc2)C(=C1CC)CC)C#Cc1ccccc1,83.16
RAFJAL,CN1c2ccccc2C(C)(C)C1=CC=CC1=C2C(=O)CC(C)(C)CC2=[N+](c2ccccc2)[B-](F)(F)O1,83.43
UBULOU,CCC1=NC2=C3N=C4[N+](=C(c5ccccc5)c5nc(CC)c(CC)nc45)[B-](F)(F)N3C(=C2N=C1CC)c1ccccc1,83.47
GARYOP,COC1=CNC(=C1OC)C1=CC(O[B-](F)(F)O1)=C1[NH+]=CC(=C1OC)OC,83.51
SUJJOY,COC(=O)CCC1=C2N(C(=C1C)C1=CC=CS1)[B-](F)(F)[N+]1=C(C(=C(CCC(=O)OC)C1=C2c1ccccc1)C)C1=CC=CS1,83.64
SUJHIQ,COC(=O)CCC1=C2N(C(=C1C)C1=CC=CS1)[B-](F)(F)[N+]1=C(C(=C(CCC(=O)OC)C1=C2C1=CC=CS1)C)C1=CC=CS1,84.7
TARVAM,CCC1=C(NC(=C1CC)C1=CC(O[B-](F)(F)O1)=C1[NH+]=C(C#Cc2ccc(OC)cc2)C(=C1CC)CC)C#Cc1ccc(OC)cc1,84.93
LUVRUS,COC(=O)CCC1=C(C)NC(=C1C)C=CC1=N2C(=CC3=C(C)C(=C(C)N3B2(F)F)CCC(=O)OC)C(=C1CCC(=O)OC)C,85.39
KUWWAD,CCOC(=O)c1ccc(cc1)C1=C2CCCCC2=C2N1[B-](F)(F)[N+]1=C(C3=C(CCCC3)C1=C2c1ccccc1)c1ccc(cc1)C(=O)OCC,85.4
WOVRIL,COC1=C(SC=C1)C1=CC(=C2N=C3[N+]4=C(C=C3c3ccccc3)C3=C(O[B-]4(F)N12)C=CS3)c1ccccc1,85.43
WEVMUF,CCN(CC)C=CC=CC=C1C(=O)N(CC)C(=S)N(CC)C1=O,85.5
LUSXOP,COC(=O)CCC1=C2C=C3C(=C(C)C(=N3B(F)(F)N2C(=C1C)C=Cc1ccccc1)C=Cc1ccccc1)CCC(=O)OC,85.67
QAHSEA,CCC1=C(C)N2C(=C1C)C(=C1[N+](=C(C)C(=C1C)CC)[B-]2(F)F)c1ccc(Br)cc1,85.8
LINPAC,CN(C)c1ccc(cc1)C1=NC2=[N+](c3ccc(cc3S2)C(F)(F)F)[B-](F)(F)O1,85.84
ROZHAR,CCC1=C(C)C2=C(C3=CC=CO3)C3=C(C)C(=C(N3[B-](F)(F)[N+]2=C1C)C1=CC=CS1)C,86.57
HESJAT,CN(C)c1ccc(cc1)C=CC1=CC(=C2N1[B-](F)(F)[N+]1=C(C=Cc3ccc(cc3)N(C)C)C=C(C)C1=C2c1ccc(cc1)C#C)C,86.61
XIYFET,CCCSC1=N2C(=C(C3=CC=CN3B2(F)F)c2c(C)cc(C)cc2C)C=C1,86.66
JULBIE,CCC1=C(C)N2C(=C1C)C(=C1C(=C(CC)C(=N1B2(F)F)C)C)c1ccc(Br)c2ccccc12,86.67
AJOSAW,CN(C)c1ccc(cc1)C1=NC2=N(C=C(S2)S(=O)(=O)c2ccccc2)B(F)(F)O1,87.01
ZUJCAL,CCCCN1c2ccccc2Sc2cc(ccc12)C1=C2C(=CC(=N2B(F)(F)N2C(=CC(=C12)C)C=Cc1ccc(F)cc1)C=Cc1ccc(F)cc1)C,87.37
FITCAP,CC1=CC(=C2N1B(F)(F)N1=C(C)C=C(C)C1=C2c1ccc2ccc3cccc4ccc1c2c34)C,87.59
GEGGAB,CCC1=CC=C2N1[B-](F)(F)[N+]1=C(CC)C=CC1=C2SC,87.86
PUTCEM,O=N(=O)c1cc2N3[N-]c4c(cc(cc4N(=O)=O)N(=O)=O)[N+]3=Nc2c(c1)N(=O)=O,88.01
LUVRIG,COC(=O)CCC1=C(C=CC2=CNc3ccccc23)N2C(=C1C)C=C1C(=C(CCC(=O)OC)C(=N1B2(F)F)C=CC1=CNc2ccccc12)C,88.1
SOMTIA,CC1=CC(=C(N1)C(=O)c1ccc(cc1)C1=C2C(=CC(=N2B(F)(F)N2C(=CC(=C12)C)C)C)C)C,88.18
IPADEK,COC1=CC2(C)C(=CC1=O)c1ccc(C)cc1C1=C2N2C(=C1)C(=C1C=C3c4cc(C)ccc4C4=CC(=O)C(=CC4(C)C3=[N+]1[B-]2(F)F)OC)c1c(C)cc(C)cc1C,88.55
UDUMEO,CC1=CC(=C2N1[B-](F)(F)[N+]1=C(C)C=C(C)C1=C2c1ccc(nc1)c1ccccn1)C,88.72
HETKOJ,CCC1=CC=C(N1)C1=C2C=CC(=[N+]2[B-](F)(F)N2N=NN=C12)CC,89.07
WORPAX,CC1=CC(=N2C1=CC1=CC3=C(N1B2(F)F)C1=C(S3)C=CS1)C,89.36
TURWIP,CCC1=C(C)C2=C(c3ccccc3)C3=C(C)C(=C(N3B(F)(F)N2=C1C)c1ccc(OC)cc1)C,89.55
NIZFEK,O1c2ccccc2C2=C3C4c5ccccc5C(c5ccccc45)C3=C3N2B21Oc1ccccc1C1=N2C(=C3c2ccccc2)C2=C1C1c3ccccc3C2c2ccccc12,89.56
WOFSIW,CC1=C2N(C(=C1)C=Cc1ccccc1)B(F)(F)N1=C(C=Cc3ccccc3)C=C(C)C1=C2c1ccc(O)cc1,89.83
ZUJCEP,CCCCN1c2ccccc2Sc2cc(ccc12)C1=C2C(=CC(=N2B(F)(F)N2C(=CC(=C12)C)C=Cc1ccc(OC)cc1)C=Cc1ccc(OC)cc1)C,89.86
FOPHOK,CCC1=C(C)N2C(=C1C)C(=C1[N+](=C(C)C(=C1C)CC)[B-]2(F)F)c1c(Cl)cccc1Cl,90.05
SUJHAI,COC(=O)CCC1=C2N(C(=C1C)Cl)[B-](F)(F)[N+]1=C(Cl)C(=C(CCC(=O)OC)C1=C2Cl)C,90.09
WURDEV,COc1cc(OC)cc(c1)C1=C2C3=C(CCCC3)C(=N2B(F)(F)N2C(=C3CCCCC3=C12)c1ccc(cc1)N(=O)=O)c1ccc(cc1)N(=O)=O,90.19
KUXDIR,CCC1=C(CC)C([NH+]=C1)=C1O[B-](F)(F)OC(=C1)C1=C(CC)C(=C(N1)c1cccc(C=O)c1)CC,90.25
XIYFIX,CCCSC1=CC=C2N1B(F)(F)N1=C(SCCC)C=C(SCCC)C1=C2c1c(C)cc(C)cc1C,90.3
QUWFUM,CC1=C(I)C(=C2N1B(OCC(F)(F)C(F)(F)C(F)(F)C(F)F)(OCC(F)(F)C(F)(F)C(F)(F)C(F)F)N1=C(C)C(=C(C)C1=C2C)I)C,90.44
RODMEF,COc1cc(OC)cc(c1)C1=C2c3ccccc3C(=N2B(F)(F)N2C(=C3C=CC=CC3=C12)c1ccc(cc1)N=C=S)c1ccc(cc1)N=C=S,91.1
MESTOW,CC1=[N+]2C(=C(C)C3=C(C)C(=C(C)N3[B-]2(F)F)N(=O)=O)C(=C1)C,91.81
KUQLIU,CCN(CC)C=CC1=N2C(=C(C3=CC(=C(N3B2(F)F)c2ccc(Cl)cc2)Br)c2c(C)cc(C)cc2C)C=C1Br,93
WUVTIS,CCC1=C(C)N2C(=C1C)C(=C1[N+](=C(C)C(=C1C)CC)[B-]2(OC)c1ccccc1)c1ccccc1,93.68
FOYGEI,FB1(F)N2C(=C(c3ccc(Cl)cc3)C(=C2c2ccccc2)Br)N=C2C(=C(Br)C(=N12)c1ccccc1)c1ccc(Cl)cc1,93.75
KUVJOD,COc1ccc(cc1)C=CC1=C2CCCCC2=C2N1[B-](F)(F)[N+]1=C(C=Cc3ccc(OC)cc3)C3=C(CCCC3)C1=C2c1ccccc1,93.86
GOMWIR,COC(=O)c1ccc(C=CC2=CC(=C3N2B(F)(F)N2=C(C=Cc4ccc(cc4)C(=O)OC)C=C(C)C2=C3c2c(C)cc(C)cc2C)C)cc1,93.96
CARYAX,CCN(CC)c1ccc(cc1)C=C(C=C(C#N)C#N)C#N,94.11
RUQZEL,COc1ccc(cc1)C#CC1=C(F)C(=C(N1)C1=CC(=OB(F)(F)O1)C1=C(F)C(=C(N1)C#Cc1ccc(OC)cc1)F)F,94.41
RADTUP,Cc1cc(C)c(c(C)c1)C1=C2C=CC(=N2B(F)(F)N2C=CC=C12)C1=N2C(=C(C3=CC=CN3B2(F)F)c2c(C)cc(C)cc2C)C=C1,94.72
CITDAN,N#CC(=CC=CC=CC=C1N(c2ccccc2)c2ccccc2N1c1ccccc1)C#N,94.93
HUJHAX01,CCOP(=O)(OCC)c1ccc(cc1)C1=C2[N+](=C(C)C(=C2C)CC)[B-](F)(F)N2C(=C(CC)C(=C12)C)C,95.07
FITCET,CCC1=C(C)N2C(=C1C)C(=C1C(=C(CC)C(=N1B2(F)F)C)C)c1ccc2ccc3cccc4ccc1c2c34,95.38
YAQWUL,Cc1ccc(cc1)C1=C2C=CC(=[N+]2[B-](F)(F)N2C=CC=C12)c1ccccc1O,95.55
TARVIU,CCC1=C(NC(=C1CC)C1=CC(O[B-](F)(F)O1)=C1[NH+]=C(C#Cc2ccc(cc2)N(=O)=O)C(=C1CC)CC)C#Cc1ccc(cc1)N(=O)=O,95.61
BOPSEF,CSC1=C(SC)SC(S1)=C1C=CC(C=C1)=C(C#N)C#N,95.92
GEGMUD,CCOC(=O)C=CC1=C(N2C(=C1c1ccc(OC)cc1)N=C1[N+](=C(C=C1c1ccc(OC)cc1)c1ccc(OC)cc1)[B-]2(F)F)c1ccc(OC)cc1,96.12
HETKUP,CC(C)(C)C1=CC=C2N1[B-](F)(F)[N+]1=NN=[N+]3C1=C2C1=CC=C(N1[B-]3(F)F)C(C)(C)C,96.24
FOYXAV,Cc1ccc(cc1)C1=C2C=CC(=N2B(F)(F)N2C=CC=C12)C=Cc1ccccc1,97.31
YADWAC,CCCCN(CCCC)C1=CC=C(S1)C=C(S(=O)(=O)c1ccccc1)S(=O)(=O)c1ccccc1,97.58
JOLLEE,CCC1=C(C)N2C(=C1C)C(=C1[N+](=C(C)C(=C1C)CC)[B-]2(F)F)c1ccc(cc1)N=Cc1ccc(OC)cc1O,97.68
LENQUS,COC1=C2C=C(Cl)C(=[N+]2[B-](F)(F)N2C(=C(Cl)C=C12)Cl)Cl,97.75
JOLLII,CCC1=C(C)N2C(=C1C)C(=C1[N+](=C(C)C(=C1C)CC)[B-]2(F)F)c1ccc(cc1)N=Cc1ccccc1O,98.35
ZUWFIJ,Cc1cc(C)c(c(C)c1)C1=C2C=C3C(=Cc4ccccc4C3=N2B(F)(F)N2C1=Cc1c(C)cc3ccccc3c21)C,98.46
YEWKET,CCOC(=O)C1=C(C)C(=C2C=C3[N+](=C(C(=C3CCC(=O)OC)C)C(=O)OCC)[B-](F)(F)N12)CCC(=O)OC,98.74
DOMZIO,CCN1C(Oc2ccccc12)=CC=C1C(=O)N(C)C(=O)N(C)C1=O,98.83
AJORAV,CCOC(=O)C1=C(C)N2=C(S1)N=C(OB2(F)F)c1ccc(cc1)N(C)C,99.04
QIJFUN,CC1=CC(=N2C1=C(c1ccncc1)C1=C(C)C(=C(C)N1B2(F)F)I)C,99.37
SURLID,COc1ccc(C=CC2=C(Br)C(=C3N2B(F)(F)N2=C(C=Cc4ccc(OC)c(OC)c4)C(=C(C)C2=C3c2ccccc2)Br)C)cc1OC,99.94
CITCOA,CCCCN1C(=CC=CC=C(C#N)C#N)N(CCCC)c2ccccc12,100.39
HUZJEU,C[NH+](C)Cc1ccc(cc1C(=O)[O-])C1=C2C(=CC(=N2B(F)(F)N2C(=CC(=C12)C)C)C)C,100.73
XUKLUM,CCC1=C(C)N2C(=C1C)C(=C1[N+](=C(C)C(=C1C)CC)[B-]2(F)F)c1ccc(cc1)C(=O)NCC#C,100.74
HEZDIC,CC1=CN2C(=C1C)C=C1[N+](=Cc3c(F)c(F)c(F)c(F)c13)[B-]2(F)F,100.87
XIYFAP,Cc1ccc(SC2=CC=C3N2B(F)(F)N2=C(Sc4ccc(C)cc4)C=CC2=C3c2c(C)cc(C)cc2C)cc1,101.19
HICLUD,Cc1ccc(cc1)C1=CC(=C2N=C3[N+](=C(C=C3c3ccc(C)cc3)c3ccc(C)cc3)[B-](O)(N12)c1ccccc1)c1ccc(C)cc1,101.63
GOMWOX,CC1=C2N(C(=C1)C=Cc1ccc(cc1)C#N)B(F)(F)N1=C(C=Cc3ccc(cc3)C#N)C=C(C)C1=C2c1ccc(cc1)c1ccncc1,101.85
GUBDAK,CCCCN1C(=O)C(=CC=C2N(C)c3ccccc3C2(C)C)C(=C(C#N)C1=O)C,102.13
TUTWAJ,F[B-]1(F)N2C=C(Br)C=C2C(=C2C=C(Br)C(=[N+]12)Br)Cl,102.27
WALYUG,NC1=C(C2=C(N1)C(CCC2)=C1C(=O)CCC1=O)c1ccccc1,102.58
VIFZIU,CN(C)c1ccc(cc1)C#CC(C#Cc1ccc(cc1)N(C)C)=C(C#CC=C(C#N)C#N)C#CC=C(C#N)C#N,103.31
JAKDIL,CC(C)CC(=O)C=CC1=C(C)N2C(=C1C)C(=C1[N+](=C(C)C=C1C)[B-]2(F)F)C,103.7
DACDUJ,CC1=C2C(=[N+]3C1=CC1=CC=C(N1[B-]3(F)F)C(C)(C)C)CCC1=[N+]3C(=CC4=CC=C(N4[B-]3(F)F)C(C)(C)C)C(=C21)C,104.02
NELCUD,CCC1=C(N)NC(=C1CC)C=C(C#N)C(=O)OC,104.02
FOVQEN,N#CC(=Cc1cc2CCCN3CCCc(c1)c23)C#N,104.53
FITCIX,CCC1=C(C)N2C(=C1C)C(=C1C(=C(CC)C(=N1B2(F)F)C)C)c1ccc2c3cccc4cccc(c5cccc1c25)c34,104.61
SUVVUD,CCC1=C(C)N2C(=C1C)C(=C1[N+](=C(C)C(=C1C)CC)[B-]2(OC)OC)c1ccccc1,104.66
GUBCAJ,CCCCN1c2ccccc2C(C)(C)C1=CC=C1C(=O)c2ccccc2C1=O,104.74
AGIFII,CCCCN1C(=O)c2cccc3c(ccc(C1=O)c23)C#CC1=CC=C2N1B(F)(F)N1=CC=CC1=C2c1ccccc1,105.29
ZAPFII,CCC1=C(C)C2=CC3=C(CC)C(=C(N)N3[B-]([N+]2=C1C)(c1ccccc1)c1ccccc1)C,105.49
COLXUY,CC1=[N+]2C(=CC3=CC(=CN3[B-]2(F)F)I)C(=C1)C,105.54
UFOBUN,CCCCCN1c2ccccc2C(C)(C)C1=CC(C#N)=C1C=CC(C=C1)=C(C#N)C#N,105.78
JAFBAT,COC(=O)C(=CC1=CC=C(O1)N(C)C)C#N,106.31
SUVVOX,COC(=O)c1ccc(cc1)C1=C2[N+](=C(C)C(=C2C)C#C[Si](C)(C)C)[B-](F)(F)N2C(=C(C#C[Si](C)(C)C)C(=C12)C)C,106.4
POGVAJ01,COC1=CC(C(=CC1=C(C=C1N(C)c2ccccc2C1(C)C)C#N)OC)=C(C#N)C#N,106.44
UFOBAT,CCN1c2ccccc2C(C)(C)C1=CC(C#N)=C1C=CC(C=C1)=C(C#N)C#N,106.79
QUWGAT,CC1=C(C#Cc2ccccc2)C(=C2N1B(OCC(F)(F)C(F)(F)C(F)(F)C(F)F)(OCC(F)(F)C(F)(F)C(F)(F)C(F)F)N1=C(C)C(=C(C)C1=C2C)C#Cc1ccccc1)C,107.82
MULHIK,CCCC[N+]1=C([Se]c2ccccc12)C=C(C#N)c1ccc(cc1)[C-](C#N)C#N,108.14
BMRIZN,CC1=C(NC(=N1)N1CCOCC1)C=C1C=C(Br)c2ccccc2C1=O,108.2
UFOBOH,CCCCN1c2ccccc2C(C)(C)C1=CC(C#N)=C1C=CC(C=C1)=C(C#N)C#N,109.34
PIFMAV,CC1=CC(=C2N1[B-](F)(F)[N+]1=C(C)C(=C(C)C1=C2c1ccccc1)c1ccccc1)C,109.9
LINNEE,CN(C)c1ccc(cc1)C1=NC2=[N+](c3ccc(Cl)cc3S2)[B-](F)(F)O1,110.03
RUQGOC,CCC1=C(C)C2=CC3=C(C)C(=C(C)N3B(F)(F)N2=C1C)c1cc(OCc2ccccc2)ccc1OCc1ccccc1,110.71
AFIRUF,Oc1cc(cc(O)c1C1=C([O-])C(=[N+](c2ccccc2)c2ccccc2)C1=O)N1CCc2ccccc12,110.93
SURLOJ,COc1ccc(C=CC2=C(Cl)C(=C3N2B(F)(F)N2=C(C=Cc4ccc(OC)c(OC)c4)C(=C(C)C2=C3c2ccccc2)Cl)C)cc1OC,111.13
POGTUB,CN1c2ccccc2C(C)(C)C1=CC(C#N)=C1C=CC(C=C1F)=C(C#N)C#N,111.18
JIZRUI,CC1=CC(=C2N1B(F)(F)N1=C(C)C(=C(C)C1=C2c1ccccc1)C1=C(C)C2=C(c3ccccc3)C3=C(C)C=C(C)N3B(F)(F)N2=C1C)C,111.41
VIFYIT,CN(C)c1ccc(cc1)C#CC(C#Cc1ccc(cc1)N(C)C)=C(C#N)C#N,111.98
SUMTAX,F[B-]1(F)N2C(=C(Cl)C=C2C(=C2C=C(Cl)C=[N+]12)Cl)Cl,112.67
KUQLAM,Cc1cc(C)c(c(C)c1)C1=C2C=CC(=N2B(F)(F)N2C=CC=C12)C=C(N1CCCC1)c1ccccc1,113.55
CIVNAZ,CC1=CC(=N2C1=C(c1ccccc1)C1=C(C)C(=C(C)N1B2(N=C=S)N=C=S)SC#N)C,114.37
XUTKEF,COC(=O)COCC1=C2[N+](=C(C)C=C2C)[B-](F)(F)N2C(=CC(=C12)C)C,114.48
LINPEG,CN(C)c1ccc(cc1)C1=NC2=[N+](c3ccc(F)cc3S2)[B-](F)(F)O1,114.7
KUFWOA,F[B-]1(F)N2C=CC=C2C(=C2C=CC(=[N+]12)Cc1ccccc1)c1ccc(cc1)N(=O)=O,114.82
RUQGES,CCC1=C(C)C2=CC3=C(C)C(=C(C)N3B(F)(F)N2=C1C)c1ccc(cc1)c1cc(OCc2ccccc2)ccc1OCc1ccccc1,116.75
LIJPUS,CC1=CSC(=N1)C1=C2C(=CC(=N2B(F)(F)N2C(=CC(=C12)C)C)C)C,117.38
ZOKTEB,CN(C)c1ccc(cc1)C1=NC2=N(c3ccc(Br)cc3S2)B(F)(F)O1,118.02
WIGPOT,[O-]c1ccc2ccccc2c1C=[NH+]c1ccc(Oc2ccc([NH+]=Cc3c([O-])ccc4ccccc34)cc2)cc1,118.73
RADVIF,Cc1cc(C)c(c(C)c1)C1=C2C=CC(=N2B(F)(F)N2C=CC=C12)C=C(c1ccccc1)c1ccccc1,118.85
NOVPAS,CC1=CC(=C2N1B(F)(F)N1=C(C)C=C(C)C1=C2c1ccc(cc1)C(=O)ON1C(=O)CCC1=O)C,122.49
IGONEZ,F[B-]1(F)N2C=C(C=O)C=C2C(=C2C=CC=[N+]12)c1ccc(Br)cc1,122.94
SUJQEW,CCC1=C(C)NC(=C1C)C(=O)C1=C2C=CC(=[N+]2[B-](F)(F)N2C(=C(CC)C(=C12)C)C)C,125.23
