ID,SMILES,lambda_4p (eV)
OPOPOZ,c1ccc(cc1)c1c2c3ccc4cccc5ccc(c3c45)c2c(c2ccccc2)c2c(c3ccccc3)c3c4ccc5cccc6ccc(c4c56)c3c(c3ccccc3)c12,25.94
PHTHCY01,N1C2=C3C=CC=CC3=C1N=C1N=C(N=C3NC(=NC4=NC(=N2)c2ccccc42)c2ccccc32)c2ccccc12,41.71
QIQSER,CCC1=C2NC(=C1CC)C1=CC=C(S1)C1=NC(=CC=C3NC(=C4SC(=C5N=C(C=C2)C(=C5CC)CC)C=C4)C(=C3CC)CC)C(=C1CC)CC,45.19
WOJWIE,CCC(CC)COC1=C(NC(=C1)C(C1=CC(=C(N1)c1ccccc1)OCC(CC)CC)=C1N=NN=N1)c1ccccc1,45.87
MUKKAE,Cc1cc[n+](cc1)C1=NC(=C(Br)[N-]1)Br,78.48
PUTCEM,O=N(=O)c1cc2N3[N-]c4c(cc(cc4N(=O)=O)N(=O)=O)[N+]3=Nc2c(c1)N(=O)=O,88.01
WALYUG,NC1=C(C2=C(N1)C(CCC2)=C1C(=O)CCC1=O)c1ccccc1,102.58
GUBCAJ,CCCCN1c2ccccc2C(C)(C)C1=CC=C1C(=O)c2ccccc2C1=O,104.74
BMRIZN,CC1=C(NC(=N1)N1CCOCC1)C=C1C=C(Br)c2ccccc2C1=O,108.2
WIGPOT,[O-]c1ccc2ccccc2c1C=[NH+]c1ccc(Oc2ccc([NH+]=Cc3c([O-])ccc4ccccc34)cc2)cc1,118.73
