ID,SMILES,lambda_4p (eV)
IGUTIO,CC1=CNC(=C1C)C1=CC(O[B-](F)(F)O1)=C1[NH+]=CC(=C1C)C,57.1
NALVAA,CC1=CC(=C(N1)C1=CC(O[B-](F)(F)O1)=C1[NH+]=C(C)C=C1C)C,59.09
IGUTOU,CCC1=CNC(=C1CC)C1=CC(O[B-](F)(F)O1)=C1[NH+]=CC(=C1CC)CC,59.86
NALVEE,CC1=C(C(=C(N1)C1=CC(O[B-](F)(F)O1)=C1[NH+]=C(C)C(=C1C)c1ccccc1)C)c1ccccc1,60.53
RAFHUD,C[N+]1=C(C=CC=C2O[B-](F)(F)OC3=C2C(=O)CC(C)(C)C3)C(C)(C)c2ccccc12,63.87
RUQYEK,CC1=C(C#Cc2ccccc2)C(=C(N1)C1=CC(=OB(F)(F)O1)C1=C(C)C(=C(C)N1)C#Cc1ccccc1)C,65.5
OBEPUJ01,CC(=O)OC1=C(O[B-](F)(F)OC1=C1[NH+]=CC=C1)C1=CC=CN1,72.39
LINMUT,CN(C)c1ccc(cc1)C1=NC2=[N+](c3c(F)c(F)c(F)c(F)c3S2)[B-](F)(F)O1,74.16
MEYRAM,CCC1=C(NC(=C1CC)C1=CC(O[B-](F)(F)O1)=C1[NH+]=C(C#Cc2cccc(OCC=C)c2)C(=C1CC)CC)C#Cc1cccc(OCC=C)c1,83.14
BUWGEH,CCC1=C(NC(=C1CC)C1=CC(O[B-](F)(F)O1)=C1[NH+]=C(C#Cc2ccccc2)C(=C1CC)CC)C#Cc1ccccc1,83.16
RAFJAL,CN1c2ccccc2C(C)(C)C1=CC=CC1=C2C(=O)CC(C)(C)CC2=[N+](c2ccccc2)[B-](F)(F)O1,83.43
GARYOP,COC1=CNC(=C1OC)C1=CC(O[B-](F)(F)O1)=C1[NH+]=CC(=C1OC)OC,83.51
TARVAM,CCC1=C(NC(=C1CC)C1=CC(O[B-](F)(F)O1)=C1[NH+]=C(C#Cc2ccc(OC)cc2)C(=C1CC)CC)C#Cc1ccc(OC)cc1,84.93
LINPAC,CN(C)c1ccc(cc1)C1=NC2=[N+](c3ccc(cc3S2)C(F)(F)F)[B-](F)(F)O1,85.84
AJOSAW,CN(C)c1ccc(cc1)C1=NC2=N(C=C(S2)S(=O)(=O)c2ccccc2)B(F)(F)O1,87.01
KUXDIR,CCC1=C(CC)C([NH+]=C1)=C1O[B-](F)(F)OC(=C1)C1=C(CC)C(=C(N1)c1cccc(C=O)c1)CC,90.25
RUQZEL,COc1ccc(cc1)C#CC1=C(F)C(=C(N1)C1=CC(=OB(F)(F)O1)C1=C(F)C(=C(N1)C#Cc1ccc(OC)cc1)F)F,94.41
TARVIU,CCC1=C(NC(=C1CC)C1=CC(O[B-](F)(F)O1)=C1[NH+]=C(C#Cc2ccc(cc2)N(=O)=O)C(=C1CC)CC)C#Cc1ccc(cc1)N(=O)=O,95.61
AJORAV,CCOC(=O)C1=C(C)N2=C(S1)N=C(OB2(F)F)c1ccc(cc1)N(C)C,99.04
LINNEE,CN(C)c1ccc(cc1)C1=NC2=[N+](c3ccc(Cl)cc3S2)[B-](F)(F)O1,110.03
LINPEG,CN(C)c1ccc(cc1)C1=NC2=[N+](c3ccc(F)cc3S2)[B-](F)(F)O1,114.7
ZOKTEB,CN(C)c1ccc(cc1)C1=NC2=N(c3ccc(Br)cc3S2)B(F)(F)O1,118.02
