ID,SMILES,lambda_4p (eV)
CIVNON,CC1=CC(=C2N1B1(OCC(=O)O1)N1=C(C)C=C(C)C1=C2c1ccccc1)C,51.71
DIXKON,CC1=CC(=C2C=C3[N+](=C(C)C=C3C)[B-](F)(N12)C(F)(F)F)C,54.85
XUQVOX,CO[B-]1(N2C(=C3CCCCC3=C2C(=C2[N+]1=C(I)C1=C2CCCC1)c1ccccc1)I)c1ccccc1,62.44
TURWOV,CCC1=C(C)C2=C(Oc3ccccc3)C3=C(C)C(=C(Cl)N3B(F)(C#N)N2=C1C)C,66.97
CESGUF,F[B-]1(C#N)N2C(=C3C=CC=CC3=C2c2ccccc2)N=C2[N+]1=C(c1ccccc1)c1ccccc21,67.07
ONOYOH,CCCCC(CC)COc1ccc(cc1)C1=C2[N+](=C(C)C(=C2C)I)[B-](sF)(F)N2C(=C(I)C(=C12)C)C,71.33
WUVTOY,CCC1=C(C)N2C(=C1C)C(=C1[N+](=C(C)C(=C1C)CC)[B-]2(C#N)c1ccccc1)c1ccccc1,72.63
CESHAM,N#C[B-]1(C#N)N2C(=C3C=CC=CC3=C2c2ccccc2)N=C2[N+]1=C(c1ccccc1)c1ccccc21,75.1
SOLJIP,CCOC(=O)c1ccc2OB3(Oc2c1)N1C(=C(CC)C(=C1C(=C1C(=C(CC)C(=N31)C)C)C)C)C,79.79
SOLJOV,CCC1=C(C)N2C(=C1C)C(=C1C(=C(CC)C(=N1B12Oc2ccc(C=O)cc2O1)C)C)C,80.11
WOVRIL,COC1=C(SC=C1)C1=CC(=C2N=C3[N+]4=C(C=C3c3ccccc3)C3=C(O[B-]4(F)N12)C=CS3)c1ccccc1,85.43
NIZFEK,O1c2ccccc2C2=C3C4c5ccccc5C(c5ccccc45)C3=C3N2B21Oc1ccccc1C1=N2C(=C3c2ccccc2)C2=C1C1c3ccccc3C2c2ccccc12,89.56
QUWFUM,CC1=C(I)C(=C2N1B(OCC(F)(F)C(F)(F)C(F)(F)C(F)F)(OCC(F)(F)C(F)(F)C(F)(F)C(F)F)N1=C(C)C(=C(C)C1=C2C)I)C,90.44
WUVTIS,CCC1=C(C)N2C(=C1C)C(=C1[N+](=C(C)C(=C1C)CC)[B-]2(OC)c1ccccc1)c1ccccc1,93.68
HICLUD,Cc1ccc(cc1)C1=CC(=C2N=C3[N+](=C(C=C3c3ccc(C)cc3)c3ccc(C)cc3)[B-](O)(N12)c1ccccc1)c1ccc(C)cc1,101.63
SUVVUD,CCC1=C(C)N2C(=C1C)C(=C1[N+](=C(C)C(=C1C)CC)[B-]2(OC)OC)c1ccccc1,104.66
ZAPFII,CCC1=C(C)C2=CC3=C(CC)C(=C(N)N3[B-]([N+]2=C1C)(c1ccccc1)c1ccccc1)C,105.49
QUWGAT,CC1=C(C#Cc2ccccc2)C(=C2N1B(OCC(F)(F)C(F)(F)C(F)(F)C(F)F)(OCC(F)(F)C(F)(F)C(F)(F)C(F)F)N1=C(C)C(=C(C)C1=C2C)C#Cc1ccccc1)C,107.82
CIVNAZ,CC1=CC(=N2C1=C(c1ccccc1)C1=C(C)C(=C(C)N1B2(N=C=S)N=C=S)SC#N)C,114.37
