ID,SMILES,lambda_4p (eV)
VIFSEI,CC(C)(C)C1=CC(C=C(O1)C(C)(C)C)=CC1=C([O-])C(=Cc2cc([o+]c(c2)C(C)(C)C)C(C)(C)C)C1=O,43.3
XABSIF,CC(C)(C)C1=CC(C=C(O1)C(C)(C)C)=CC1=C([S-])C(=Cc2cc([o+]c(c2)C(C)(C)C)C(C)(C)C)C1=C(C#N)C#N,46.46
QALLOH,CC1(C)C(Nc2ccc(Br)cc12)=CC1=C([O-])C(=CC2=[NH+]c3ccc(Br)cc3C2(C)C)C(=O)C1=O,46.54
TOSWEF,CCCCCCCCN1C(=[Se]c2ccccc12)C=C1C(=O)C(=CC2=[Se]c3ccccc3N2CCCCCCCC)C1=C(C#N)C#N,52.58
XEVSAU,CCCCN1C(C=Cc2ccccc12)=CC1=C([O-])C(=Cc2ccc3ccccc3[n+]2CCCC)C1=C(C#N)C#N,52.59
SEZGOV,CCCCN1C(=CC=C1C1=C([O-])C(C1=O)=C1C=CC(=[N+]1CCCC)C=NN(c1ccccc1)c1ccccc1)C=NN(c1ccccc1)c1ccccc1,55.35
CUFBOV01,CCCCN1C(Sc2ccccc12)=CC1=C([O-])C(=CC2=[N+](CCCC)c3ccccc3S2)C1=C(C#N)C#N,57.9
PEXXEY,CCCCN(CCCC)c1ccc(c(O)c1)C1=C([O-])C(=CC2=[N+](CCCC)c3ccccc3S2)C1=C(C#N)C#N,64.28
AFIRUF,Oc1cc(cc(O)c1C1=C([O-])C(=[N+](c2ccccc2)c2ccccc2)C1=O)N1CCc2ccccc12,110.93
