ID,SMILES,lambda_4p (eV)
CITCUG,CCCCN1C(=CC=CC=CC=C(C#N)C#N)N(CCCC)c2ccccc12,72.6
KUGCIY,CN1C=CC(=CC(C#N)=C(C#N)C#N)c2ccccc12,80.1
XUPKOI,CN(C)c1ccc(cc1)N1C(=CC=C1C1=CC=C(S1)C(C#N)=C(C#N)C#N)C1=CC=CS1,82.29
CARYAX,CCN(CC)c1ccc(cc1)C=C(C=C(C#N)C#N)C#N,94.11
CITDAN,N#CC(=CC=CC=CC=C1N(c2ccccc2)c2ccccc2N1c1ccccc1)C#N,94.93
BOPSEF,CSC1=C(SC)SC(S1)=C1C=CC(C=C1)=C(C#N)C#N,95.92
CITCOA,CCCCN1C(=CC=CC=C(C#N)C#N)N(CCCC)c2ccccc12,100.39
VIFZIU,CN(C)c1ccc(cc1)C#CC(C#Cc1ccc(cc1)N(C)C)=C(C#CC=C(C#N)C#N)C#CC=C(C#N)C#N,103.31
FOVQEN,N#CC(=Cc1cc2CCCN3CCCc(c1)c23)C#N,104.53
UFOBUN,CCCCCN1c2ccccc2C(C)(C)C1=CC(C#N)=C1C=CC(C=C1)=C(C#N)C#N,105.78
POGVAJ01,COC1=CC(C(=CC1=C(C=C1N(C)c2ccccc2C1(C)C)C#N)OC)=C(C#N)C#N,106.44
UFOBAT,CCN1c2ccccc2C(C)(C)C1=CC(C#N)=C1C=CC(C=C1)=C(C#N)C#N,106.79
MULHIK,CCCC[N+]1=C([Se]c2ccccc12)C=C(C#N)c1ccc(cc1)[C-](C#N)C#N,108.14
UFOBOH,CCCCN1c2ccccc2C(C)(C)C1=CC(C#N)=C1C=CC(C=C1)=C(C#N)C#N,109.34
POGTUB,CN1c2ccccc2C(C)(C)C1=CC(C#N)=C1C=CC(C=C1F)=C(C#N)C#N,111.18
VIFYIT,CN(C)c1ccc(cc1)C#CC(C#Cc1ccc(cc1)N(C)C)=C(C#N)C#N,111.98
